-- phpMyAdmin SQL Dump
-- version 4.9.3
-- https://www.phpmyadmin.net/
--
-- Host: localhost:3306
-- Generation Time: Dec 19, 2021 at 05:00 AM
-- Server version: 5.7.26
-- PHP Version: 7.4.2

SET SQL_MODE = "NO_AUTO_VALUE_ON_ZERO";
SET time_zone = "+00:00";

--
-- Database: `project_kantin`
--

-- --------------------------------------------------------

--
-- Table structure for table `action_events`
--

CREATE TABLE `action_events` (
  `id` bigint(20) UNSIGNED NOT NULL,
  `batch_id` char(36) COLLATE utf8mb4_unicode_ci NOT NULL,
  `user_id` bigint(20) UNSIGNED NOT NULL,
  `name` varchar(255) COLLATE utf8mb4_unicode_ci NOT NULL,
  `actionable_type` varchar(255) COLLATE utf8mb4_unicode_ci NOT NULL,
  `actionable_id` bigint(20) UNSIGNED NOT NULL,
  `target_type` varchar(255) COLLATE utf8mb4_unicode_ci NOT NULL,
  `target_id` bigint(20) UNSIGNED NOT NULL,
  `model_type` varchar(255) COLLATE utf8mb4_unicode_ci NOT NULL,
  `model_id` bigint(20) UNSIGNED DEFAULT NULL,
  `fields` text COLLATE utf8mb4_unicode_ci NOT NULL,
  `status` varchar(25) COLLATE utf8mb4_unicode_ci NOT NULL DEFAULT 'running',
  `exception` text COLLATE utf8mb4_unicode_ci NOT NULL,
  `created_at` timestamp NULL DEFAULT NULL,
  `updated_at` timestamp NULL DEFAULT NULL,
  `original` mediumtext COLLATE utf8mb4_unicode_ci,
  `changes` mediumtext COLLATE utf8mb4_unicode_ci
) ENGINE=InnoDB DEFAULT CHARSET=utf8mb4 COLLATE=utf8mb4_unicode_ci;

--
-- Dumping data for table `action_events`
--

INSERT INTO `action_events` (`id`, `batch_id`, `user_id`, `name`, `actionable_type`, `actionable_id`, `target_type`, `target_id`, `model_type`, `model_id`, `fields`, `status`, `exception`, `created_at`, `updated_at`, `original`, `changes`) VALUES
(1, '94758254-b3f6-4b1c-9c22-a8063e746d66', 1, 'Delete', 'App\\Models\\Products', 7, 'App\\Models\\Products', 7, 'App\\Models\\Products', 7, '', 'finished', '', '2021-09-22 07:23:06', '2021-09-22 07:23:06', NULL, NULL),
(2, '94758311-2a25-4479-803b-a100b743a01f', 1, 'Create', 'App\\Models\\Products', 9, 'App\\Models\\Products', 9, 'App\\Models\\Products', 9, '', 'finished', '', '2021-09-22 07:25:10', '2021-09-22 07:25:10', NULL, '{\"id_kasir\":1,\"nama\":\"asdad\",\"harga\":\"111\",\"foto\":\"811Tq93acf4kADMMeNzRIjXE5RMx1JqLOBV6dfCS.jpg\",\"updated_at\":\"2021-09-22T15:25:10.000000Z\",\"created_at\":\"2021-09-22T15:25:10.000000Z\",\"id\":9}'),
(3, '947584e4-774d-41a1-9341-90346d631bb4', 1, 'Update', 'App\\Models\\Products', 9, 'App\\Models\\Products', 9, 'App\\Models\\Products', 9, '', 'finished', '', '2021-09-22 07:30:16', '2021-09-22 07:30:16', '{\"foto\":\"811Tq93acf4kADMMeNzRIjXE5RMx1JqLOBV6dfCS.jpg\"}', '{\"foto\":\"vmlSF0QzQYz5jCcKHDKq8SvpceINnnjpaYbLOWRe.png\"}'),
(4, '9479f32c-e162-4d2c-b0e2-95c88053cf9e', 1, 'Delete', 'App\\Models\\Transaction', 2, 'App\\Models\\Transaction', 2, 'App\\Models\\Transaction', 2, '', 'finished', '', '2021-09-24 12:21:57', '2021-09-24 12:21:57', NULL, NULL),
(5, '9479f8a0-9265-42e6-b88d-5d3692b5a7a8', 1, 'Create', 'App\\Models\\Kasirs', 6, 'App\\Models\\Kasirs', 6, 'App\\Models\\Kasirs', 6, '', 'finished', '', '2021-09-24 12:37:12', '2021-09-24 12:37:12', NULL, '{\"nama\":\"asd\",\"saldo\":\"22\",\"foto\":\"TKsefTVOuP1SBuZ3c3HXb480nGfnJmfhiDNuRO7X.png\",\"updated_at\":\"2021-09-24T20:37:12.000000Z\",\"created_at\":\"2021-09-24T20:37:12.000000Z\",\"id\":6}'),
(6, '9479f8ba-088f-41b9-8df1-91b1f88b41aa', 1, 'Create', 'App\\Models\\Products', 10, 'App\\Models\\Products', 10, 'App\\Models\\Products', 10, '', 'finished', '', '2021-09-24 12:37:28', '2021-09-24 12:37:28', NULL, '{\"id_kasir\":5,\"nama\":\"ss\",\"harga\":\"2\",\"foto\":\"hsVeexyAo9c9w78tV6ZMIjC9MXCJ1rjmJigjMNMT.png\",\"updated_at\":\"2021-09-24T20:37:28.000000Z\",\"created_at\":\"2021-09-24T20:37:28.000000Z\",\"id\":10}'),
(7, '9488b615-5bbf-451d-a92e-0808cb4dafa1', 1, 'Update', 'App\\Models\\Products', 9, 'App\\Models\\Products', 9, 'App\\Models\\Products', 9, '', 'finished', '', '2021-10-01 20:28:33', '2021-10-01 20:28:33', '{\"nama\":\"asdad\"}', '{\"nama\":\"asdad222\"}');

-- --------------------------------------------------------

--
-- Table structure for table `admin`
--

CREATE TABLE `admin` (
  `id` int(11) NOT NULL,
  `username` varchar(255) NOT NULL,
  `password` varchar(255) NOT NULL,
  `created_at` timestamp NOT NULL DEFAULT CURRENT_TIMESTAMP,
  `updated_at` timestamp NOT NULL DEFAULT CURRENT_TIMESTAMP
) ENGINE=InnoDB DEFAULT CHARSET=utf8mb4;

--
-- Dumping data for table `admin`
--

INSERT INTO `admin` (`id`, `username`, `password`, `created_at`, `updated_at`) VALUES
(1, 'admin', '21232f297a57a5a743894a0e4a801fc3', '2021-09-22 14:34:48', '2021-09-22 14:34:48');

-- --------------------------------------------------------

--
-- Table structure for table `failed_jobs`
--

CREATE TABLE `failed_jobs` (
  `id` bigint(20) UNSIGNED NOT NULL,
  `uuid` varchar(255) COLLATE utf8mb4_unicode_ci NOT NULL,
  `connection` text COLLATE utf8mb4_unicode_ci NOT NULL,
  `queue` text COLLATE utf8mb4_unicode_ci NOT NULL,
  `payload` longtext COLLATE utf8mb4_unicode_ci NOT NULL,
  `exception` longtext COLLATE utf8mb4_unicode_ci NOT NULL,
  `failed_at` timestamp NOT NULL DEFAULT CURRENT_TIMESTAMP
) ENGINE=InnoDB DEFAULT CHARSET=utf8mb4 COLLATE=utf8mb4_unicode_ci;

-- --------------------------------------------------------

--
-- Table structure for table `fileUploads`
--

CREATE TABLE `fileUploads` (
  `id` int(10) UNSIGNED NOT NULL,
  `title` varchar(255) COLLATE utf8mb4_unicode_ci NOT NULL,
  `path` varchar(255) COLLATE utf8mb4_unicode_ci NOT NULL,
  `created_at` timestamp NULL DEFAULT NULL,
  `updated_at` timestamp NULL DEFAULT NULL,
  `deleted_at` timestamp NULL DEFAULT NULL
) ENGINE=InnoDB DEFAULT CHARSET=utf8mb4 COLLATE=utf8mb4_unicode_ci;

-- --------------------------------------------------------

--
-- Table structure for table `kasirs`
--

CREATE TABLE `kasirs` (
  `id` int(11) NOT NULL,
  `nama` varchar(32) NOT NULL,
  `saldo` bigint(100) NOT NULL DEFAULT '0',
  `foto` varchar(100) DEFAULT NULL,
  `created_at` timestamp NOT NULL DEFAULT CURRENT_TIMESTAMP,
  `updated_at` timestamp NOT NULL DEFAULT CURRENT_TIMESTAMP
) ENGINE=InnoDB DEFAULT CHARSET=utf8mb4;

--
-- Dumping data for table `kasirs`
--

INSERT INTO `kasirs` (`id`, `nama`, `saldo`, `foto`, `created_at`, `updated_at`) VALUES
(1, 'Kantin 1', 10111, 'vmlSF0QzQYz5jCcKHDKq8SvpceINnnjpaYbLOWRe.png', '2021-09-22 14:34:48', '2021-09-24 12:42:12'),
(2, 'Kantin 2', 0, 'vmlSF0QzQYz5jCcKHDKq8SvpceINnnjpaYbLOWRe.png', '2021-09-22 14:34:48', '2021-09-22 14:34:48'),
(3, 'Kantin 3', 0, 'vmlSF0QzQYz5jCcKHDKq8SvpceINnnjpaYbLOWRe.png', '2021-09-22 14:34:48', '2021-09-22 14:34:48'),
(4, 'Kantin 4', 0, 'vmlSF0QzQYz5jCcKHDKq8SvpceINnnjpaYbLOWRe.png', '2021-09-22 14:34:48', '2021-09-22 14:34:48'),
(5, 'Kantin 5', 0, 'vmlSF0QzQYz5jCcKHDKq8SvpceINnnjpaYbLOWRe.png', '2021-09-22 14:34:48', '2021-09-22 14:34:48'),
(6, 'asd', 22, 'TKsefTVOuP1SBuZ3c3HXb480nGfnJmfhiDNuRO7X.png', '2021-09-24 12:37:12', '2021-09-24 12:37:12');

-- --------------------------------------------------------

--
-- Table structure for table `migrations`
--

CREATE TABLE `migrations` (
  `id` int(10) UNSIGNED NOT NULL,
  `migration` varchar(255) COLLATE utf8mb4_unicode_ci NOT NULL,
  `batch` int(11) NOT NULL
) ENGINE=InnoDB DEFAULT CHARSET=utf8mb4 COLLATE=utf8mb4_unicode_ci;

--
-- Dumping data for table `migrations`
--

INSERT INTO `migrations` (`id`, `migration`, `batch`) VALUES
(1, '2014_10_12_000000_create_users_table', 1),
(2, '2014_10_12_100000_create_password_resets_table', 1),
(3, '2018_01_01_000000_create_action_events_table', 1),
(4, '2019_05_10_000000_add_fields_to_action_events_table', 1),
(5, '2019_08_19_000000_create_failed_jobs_table', 1),
(6, '2021_02_23_151005_file_uploads', 1),
(7, '2021_03_15_145717_create_sessions_table', 1),
(8, '2021_08_08_101744_create_ckeditor_attachment_tables', 1);

-- --------------------------------------------------------

--
-- Table structure for table `nova_ckeditor_attachments`
--

CREATE TABLE `nova_ckeditor_attachments` (
  `id` int(10) UNSIGNED NOT NULL,
  `attachable_type` varchar(255) COLLATE utf8mb4_unicode_ci NOT NULL,
  `attachable_id` bigint(20) UNSIGNED NOT NULL,
  `attachment` varchar(255) COLLATE utf8mb4_unicode_ci NOT NULL,
  `disk` varchar(255) COLLATE utf8mb4_unicode_ci NOT NULL,
  `url` varchar(255) COLLATE utf8mb4_unicode_ci NOT NULL,
  `created_at` timestamp NULL DEFAULT NULL,
  `updated_at` timestamp NULL DEFAULT NULL
) ENGINE=InnoDB DEFAULT CHARSET=utf8mb4 COLLATE=utf8mb4_unicode_ci;

-- --------------------------------------------------------

--
-- Table structure for table `nova_pending_ckeditor_attachments`
--

CREATE TABLE `nova_pending_ckeditor_attachments` (
  `id` int(10) UNSIGNED NOT NULL,
  `draft_id` varchar(255) COLLATE utf8mb4_unicode_ci NOT NULL,
  `attachment` varchar(255) COLLATE utf8mb4_unicode_ci NOT NULL,
  `disk` varchar(255) COLLATE utf8mb4_unicode_ci NOT NULL,
  `created_at` timestamp NULL DEFAULT NULL,
  `updated_at` timestamp NULL DEFAULT NULL
) ENGINE=InnoDB DEFAULT CHARSET=utf8mb4 COLLATE=utf8mb4_unicode_ci;

-- --------------------------------------------------------

--
-- Table structure for table `password_resets`
--

CREATE TABLE `password_resets` (
  `email` varchar(255) COLLATE utf8mb4_unicode_ci NOT NULL,
  `token` varchar(255) COLLATE utf8mb4_unicode_ci NOT NULL,
  `created_at` timestamp NULL DEFAULT NULL
) ENGINE=InnoDB DEFAULT CHARSET=utf8mb4 COLLATE=utf8mb4_unicode_ci;

-- --------------------------------------------------------

--
-- Table structure for table `products`
--

CREATE TABLE `products` (
  `id` int(11) NOT NULL,
  `id_kasir` int(10) DEFAULT NULL,
  `nama` varchar(100) NOT NULL,
  `harga` int(10) NOT NULL,
  `qty` int(10) DEFAULT '0',
  `foto` varchar(255) DEFAULT NULL,
  `created_at` timestamp NOT NULL DEFAULT CURRENT_TIMESTAMP,
  `updated_at` timestamp NOT NULL DEFAULT CURRENT_TIMESTAMP
) ENGINE=MyISAM DEFAULT CHARSET=latin1;

--
-- Dumping data for table `products`
--

INSERT INTO `products` (`id`, `id_kasir`, `nama`, `harga`, `qty`, `foto`, `created_at`, `updated_at`) VALUES
(1, 1, 'Pisang Epe', 5000, 0, 'vmlSF0QzQYz5jCcKHDKq8SvpceINnnjpaYbLOWRe.png', '2021-09-22 14:34:48', '2021-09-22 14:34:48'),
(2, 2, 'Bolu', 8000, 0, 'vmlSF0QzQYz5jCcKHDKq8SvpceINnnjpaYbLOWRe.png', '2021-09-22 14:34:48', '2021-09-22 14:34:48'),
(3, 3, 'Sanggara Balanda', 5000, 0, 'vmlSF0QzQYz5jCcKHDKq8SvpceINnnjpaYbLOWRe.png', '2021-09-22 14:34:48', '2021-09-22 14:34:48'),
(4, 4, 'Coto', 8000, 0, 'vmlSF0QzQYz5jCcKHDKq8SvpceINnnjpaYbLOWRe.png', '2021-09-22 14:34:48', '2021-09-22 14:34:48'),
(5, 5, 'Bakso', 5000, 0, 'vmlSF0QzQYz5jCcKHDKq8SvpceINnnjpaYbLOWRe.png', '2021-09-22 14:34:48', '2021-09-22 14:34:48'),
(6, 6, 'Kopi', 8000, 0, 'vmlSF0QzQYz5jCcKHDKq8SvpceINnnjpaYbLOWRe.png', '2021-09-22 14:34:48', '2021-09-22 14:34:48'),
(9, 1, 'asdad222', 111, 0, 'vmlSF0QzQYz5jCcKHDKq8SvpceINnnjpaYbLOWRe.png', '2021-09-22 07:25:10', '2021-10-01 20:28:33'),
(10, 5, 'ss', 2, 0, 'hsVeexyAo9c9w78tV6ZMIjC9MXCJ1rjmJigjMNMT.png', '2021-09-24 12:37:28', '2021-09-24 12:37:28');

-- --------------------------------------------------------

--
-- Table structure for table `sessions`
--

CREATE TABLE `sessions` (
  `id` varchar(255) COLLATE utf8mb4_unicode_ci NOT NULL,
  `user_id` bigint(20) UNSIGNED DEFAULT NULL,
  `ip_address` varchar(45) COLLATE utf8mb4_unicode_ci DEFAULT NULL,
  `user_agent` text COLLATE utf8mb4_unicode_ci,
  `payload` text COLLATE utf8mb4_unicode_ci NOT NULL,
  `last_activity` int(11) NOT NULL
) ENGINE=InnoDB DEFAULT CHARSET=utf8mb4 COLLATE=utf8mb4_unicode_ci;

-- --------------------------------------------------------

--
-- Table structure for table `transactions`
--

CREATE TABLE `transactions` (
  `id` int(11) NOT NULL,
  `id_kasir` int(11) DEFAULT NULL,
  `nama` varchar(100) NOT NULL,
  `list_produk` json NOT NULL,
  `total` int(11) NOT NULL,
  `metode` varchar(100) NOT NULL,
  `nohp` varchar(20) NOT NULL,
  `created_at` timestamp NOT NULL DEFAULT CURRENT_TIMESTAMP,
  `updated_at` timestamp NOT NULL DEFAULT CURRENT_TIMESTAMP
) ENGINE=InnoDB DEFAULT CHARSET=utf8;

--
-- Dumping data for table `transactions`
--

INSERT INTO `transactions` (`id`, `id_kasir`, `nama`, `list_produk`, `total`, `metode`, `nohp`, `created_at`, `updated_at`) VALUES
(1, 1, 'ddd', '[{\"id\": 1, \"qty\": 2, \"foto\": \"vmlSF0QzQYz5jCcKHDKq8SvpceINnnjpaYbLOWRe.png\", \"nama\": \"Pisang Epe\", \"harga\": 5000, \"id_kasir\": 1, \"created_at\": \"2021-09-22T22:34:48.000Z\", \"updated_at\": \"2021-09-22T22:34:48.000Z\"}, {\"id\": 9, \"qty\": 1, \"foto\": \"vmlSF0QzQYz5jCcKHDKq8SvpceINnnjpaYbLOWRe.png\", \"nama\": \"asdad\", \"harga\": 111, \"id_kasir\": 1, \"created_at\": \"2021-09-22T15:25:10.000Z\", \"updated_at\": \"2021-09-22T15:30:16.000Z\"}]', 10111, 'dana', 'ss', '2021-09-24 12:00:44', '2021-09-24 12:00:44'),
(3, 1, 'ddd', '[{\"id\": 1, \"qty\": 2, \"foto\": \"vmlSF0QzQYz5jCcKHDKq8SvpceINnnjpaYbLOWRe.png\", \"nama\": \"Pisang Epe\", \"harga\": 5000, \"id_kasir\": 1, \"created_at\": \"2021-09-22T22:34:48.000Z\", \"updated_at\": \"2021-09-22T22:34:48.000Z\"}, {\"id\": 9, \"qty\": 1, \"foto\": \"vmlSF0QzQYz5jCcKHDKq8SvpceINnnjpaYbLOWRe.png\", \"nama\": \"asdad\", \"harga\": 111, \"id_kasir\": 1, \"created_at\": \"2021-09-22T15:25:10.000Z\", \"updated_at\": \"2021-09-22T15:30:16.000Z\"}]', 10111, 'dana', 'ss', '2021-09-24 12:32:53', '2021-09-24 12:32:53'),
(4, 1, 'ddd', '[{\"id\": 1, \"qty\": 2, \"foto\": \"vmlSF0QzQYz5jCcKHDKq8SvpceINnnjpaYbLOWRe.png\", \"nama\": \"Pisang Epe\", \"harga\": 5000, \"id_kasir\": 1, \"created_at\": \"2021-09-22T22:34:48.000Z\", \"updated_at\": \"2021-09-22T22:34:48.000Z\"}, {\"id\": 9, \"qty\": 1, \"foto\": \"vmlSF0QzQYz5jCcKHDKq8SvpceINnnjpaYbLOWRe.png\", \"nama\": \"asdad\", \"harga\": 111, \"id_kasir\": 1, \"created_at\": \"2021-09-22T15:25:10.000Z\", \"updated_at\": \"2021-09-22T15:30:16.000Z\"}]', 10111, 'dana', '9885434', '2021-09-24 12:33:03', '2021-09-24 12:33:03'),
(5, 1, 'finishing', '[{\"id\": 1, \"qty\": 2, \"foto\": \"vmlSF0QzQYz5jCcKHDKq8SvpceINnnjpaYbLOWRe.png\", \"nama\": \"Pisang Epe\", \"harga\": 5000, \"id_kasir\": 1, \"created_at\": \"2021-09-22T22:34:48.000Z\", \"updated_at\": \"2021-09-22T22:34:48.000Z\"}, {\"id\": 9, \"qty\": 1, \"foto\": \"vmlSF0QzQYz5jCcKHDKq8SvpceINnnjpaYbLOWRe.png\", \"nama\": \"asdad\", \"harga\": 111, \"id_kasir\": 1, \"created_at\": \"2021-09-22T15:25:10.000Z\", \"updated_at\": \"2021-09-22T15:30:16.000Z\"}]', 10111, 'ovo', '08911111111', '2021-09-24 12:39:27', '2021-09-24 12:39:27'),
(6, 1, 'halo', '[{\"id\": 1, \"qty\": 2, \"foto\": \"vmlSF0QzQYz5jCcKHDKq8SvpceINnnjpaYbLOWRe.png\", \"nama\": \"Pisang Epe\", \"harga\": 5000, \"id_kasir\": 1, \"created_at\": \"2021-09-22T22:34:48.000Z\", \"updated_at\": \"2021-09-22T22:34:48.000Z\"}, {\"id\": 9, \"qty\": 1, \"foto\": \"vmlSF0QzQYz5jCcKHDKq8SvpceINnnjpaYbLOWRe.png\", \"nama\": \"asdad\", \"harga\": 111, \"id_kasir\": 1, \"created_at\": \"2021-09-22T15:25:10.000Z\", \"updated_at\": \"2021-09-22T15:30:16.000Z\"}]', 10111, 'ovo', '089999999', '2021-09-24 12:42:12', '2021-09-24 12:42:12');

-- --------------------------------------------------------

--
-- Table structure for table `transaksi`
--

CREATE TABLE `transaksi` (
  `id` int(11) NOT NULL,
  `tanggal` date NOT NULL,
  `waktu` time NOT NULL,
  `ext_id` varchar(255) NOT NULL,
  `metode` varchar(32) NOT NULL,
  `id_kasir` int(32) NOT NULL,
  `id_user` int(32) NOT NULL,
  `created_at` timestamp NOT NULL DEFAULT CURRENT_TIMESTAMP,
  `updated_at` timestamp NOT NULL DEFAULT CURRENT_TIMESTAMP
) ENGINE=InnoDB DEFAULT CHARSET=utf8mb4;

--
-- Dumping data for table `transaksi`
--

INSERT INTO `transaksi` (`id`, `tanggal`, `waktu`, `ext_id`, `metode`, `id_kasir`, `id_user`, `created_at`, `updated_at`) VALUES
(1, '2020-09-15', '14:36:45', '', '', 5, 1, '2021-09-22 14:34:48', '2021-09-22 14:34:48'),
(2, '2020-09-15', '15:51:09', '', '', 5, 1, '2021-09-22 14:34:48', '2021-09-22 14:34:48'),
(3, '2020-09-15', '15:51:54', '', '', 5, 1, '2021-09-22 14:34:48', '2021-09-22 14:34:48'),
(4, '2020-09-15', '15:51:58', '', '', 5, 1, '2021-09-22 14:34:48', '2021-09-22 14:34:48'),
(5, '2020-09-16', '04:46:12', '', '', 5, 1, '2021-09-22 14:34:48', '2021-09-22 14:34:48'),
(6, '2020-09-16', '04:46:42', '', '', 5, 1, '2021-09-22 14:34:48', '2021-09-22 14:34:48'),
(7, '2020-09-16', '04:49:53', '', '', 5, 1, '2021-09-22 14:34:48', '2021-09-22 14:34:48'),
(8, '2020-09-16', '04:51:33', '', '', 5, 1, '2021-09-22 14:34:48', '2021-09-22 14:34:48'),
(9, '2020-09-16', '04:52:41', '', '', 5, 1, '2021-09-22 14:34:48', '2021-09-22 14:34:48'),
(10, '2020-09-28', '18:00:00', '', '', 1, 7, '2021-09-22 14:34:48', '2021-09-22 14:34:48'),
(11, '2020-09-28', '18:00:00', '', '', 2, 7, '2021-09-22 14:34:48', '2021-09-22 14:34:48'),
(12, '2020-09-28', '18:36:56', '', '', 5, 7, '2021-09-22 14:34:48', '2021-09-22 14:34:48'),
(13, '2020-09-28', '18:37:50', '', '', 5, 7, '2021-09-22 14:34:48', '2021-09-22 14:34:48'),
(14, '2020-09-28', '20:48:07', '', '', 5, 7, '2021-09-22 14:34:48', '2021-09-22 14:34:48'),
(15, '2020-09-28', '20:51:25', '', '', 5, 7, '2021-09-22 14:34:48', '2021-09-22 14:34:48'),
(16, '2020-09-28', '20:52:20', '', '', 5, 7, '2021-09-22 14:34:48', '2021-09-22 14:34:48'),
(17, '2020-09-28', '20:52:50', '', '', 5, 7, '2021-09-22 14:34:48', '2021-09-22 14:34:48'),
(18, '2020-09-28', '20:53:36', '', '', 5, 7, '2021-09-22 14:34:48', '2021-09-22 14:34:48'),
(19, '2020-09-28', '20:54:13', '', '', 5, 7, '2021-09-22 14:34:48', '2021-09-22 14:34:48'),
(20, '2020-09-28', '20:54:33', '', '', 5, 7, '2021-09-22 14:34:48', '2021-09-22 14:34:48'),
(21, '2020-09-28', '20:54:49', '', '', 5, 7, '2021-09-22 14:34:48', '2021-09-22 14:34:48'),
(22, '2020-09-28', '20:55:07', '', '', 5, 7, '2021-09-22 14:34:48', '2021-09-22 14:34:48'),
(23, '2020-09-28', '20:55:48', '', '', 5, 7, '2021-09-22 14:34:48', '2021-09-22 14:34:48'),
(24, '2020-09-28', '20:55:51', '', '', 5, 7, '2021-09-22 14:34:48', '2021-09-22 14:34:48'),
(25, '2020-09-28', '20:57:27', '', '', 5, 7, '2021-09-22 14:34:48', '2021-09-22 14:34:48'),
(26, '2020-09-28', '20:57:43', '', '', 5, 7, '2021-09-22 14:34:48', '2021-09-22 14:34:48'),
(27, '2020-09-28', '20:57:56', '', '', 5, 7, '2021-09-22 14:34:48', '2021-09-22 14:34:48'),
(28, '2020-09-28', '20:58:09', '', '', 5, 7, '2021-09-22 14:34:48', '2021-09-22 14:34:48'),
(29, '2020-09-28', '20:58:25', '', '', 5, 7, '2021-09-22 14:34:48', '2021-09-22 14:34:48'),
(30, '2020-09-28', '20:59:24', '', '', 5, 7, '2021-09-22 14:34:48', '2021-09-22 14:34:48'),
(31, '2020-09-28', '20:59:34', '', '', 5, 7, '2021-09-22 14:34:48', '2021-09-22 14:34:48'),
(32, '2020-09-28', '21:00:37', '', '', 5, 7, '2021-09-22 14:34:48', '2021-09-22 14:34:48'),
(33, '2020-09-28', '21:01:56', '', '', 5, 7, '2021-09-22 14:34:48', '2021-09-22 14:34:48'),
(34, '2020-09-28', '21:02:34', '', '', 5, 7, '2021-09-22 14:34:48', '2021-09-22 14:34:48'),
(35, '2020-09-28', '21:02:50', '', '', 5, 7, '2021-09-22 14:34:48', '2021-09-22 14:34:48'),
(36, '2020-09-28', '21:05:54', '', '', 5, 7, '2021-09-22 14:34:48', '2021-09-22 14:34:48'),
(37, '2020-09-28', '21:07:50', '', '', 5, 7, '2021-09-22 14:34:48', '2021-09-22 14:34:48'),
(38, '2020-09-28', '21:07:51', '', '', 5, 7, '2021-09-22 14:34:48', '2021-09-22 14:34:48'),
(39, '2020-09-28', '21:08:48', '', '', 5, 7, '2021-09-22 14:34:48', '2021-09-22 14:34:48'),
(40, '2020-09-28', '21:09:14', '', '', 5, 7, '2021-09-22 14:34:48', '2021-09-22 14:34:48'),
(41, '2020-09-28', '21:09:32', '', '', 5, 7, '2021-09-22 14:34:48', '2021-09-22 14:34:48'),
(42, '2020-09-28', '21:09:38', '', '', 5, 7, '2021-09-22 14:34:48', '2021-09-22 14:34:48'),
(43, '2020-09-28', '21:10:34', '', '', 5, 7, '2021-09-22 14:34:48', '2021-09-22 14:34:48'),
(44, '2020-09-28', '21:10:46', '', '', 5, 7, '2021-09-22 14:34:48', '2021-09-22 14:34:48'),
(45, '2020-09-28', '21:11:40', '', '', 5, 7, '2021-09-22 14:34:48', '2021-09-22 14:34:48'),
(46, '2020-09-28', '21:12:33', '', '', 5, 7, '2021-09-22 14:34:48', '2021-09-22 14:34:48'),
(47, '2020-09-28', '21:12:38', '', '', 5, 7, '2021-09-22 14:34:48', '2021-09-22 14:34:48'),
(48, '2020-09-28', '21:14:41', '', '', 5, 7, '2021-09-22 14:34:48', '2021-09-22 14:34:48'),
(49, '2020-09-28', '21:15:06', '', '', 5, 7, '2021-09-22 14:34:48', '2021-09-22 14:34:48'),
(50, '2020-09-28', '21:15:26', '', '', 5, 7, '2021-09-22 14:34:48', '2021-09-22 14:34:48'),
(51, '2020-09-28', '21:15:41', '', '', 5, 7, '2021-09-22 14:34:48', '2021-09-22 14:34:48'),
(52, '2020-09-28', '21:16:11', '', '', 5, 7, '2021-09-22 14:34:48', '2021-09-22 14:34:48'),
(53, '2020-09-28', '21:16:36', '', '', 5, 7, '2021-09-22 14:34:48', '2021-09-22 14:34:48'),
(54, '2020-09-28', '21:17:40', '', '', 5, 7, '2021-09-22 14:34:48', '2021-09-22 14:34:48'),
(55, '2020-09-28', '21:18:01', '', '', 5, 7, '2021-09-22 14:34:48', '2021-09-22 14:34:48'),
(56, '2020-09-28', '21:18:19', '', '', 5, 7, '2021-09-22 14:34:48', '2021-09-22 14:34:48'),
(57, '2020-09-28', '21:48:17', '', '', 5, 7, '2021-09-22 14:34:48', '2021-09-22 14:34:48'),
(58, '2020-09-28', '21:48:31', '', '', 5, 7, '2021-09-22 14:34:48', '2021-09-22 14:34:48'),
(59, '2020-09-29', '11:12:46', '', '', 5, 7, '2021-09-22 14:34:48', '2021-09-22 14:34:48'),
(60, '2020-09-29', '11:22:05', '', '', 5, 7, '2021-09-22 14:34:48', '2021-09-22 14:34:48'),
(61, '2020-09-29', '11:22:33', '', '', 5, 7, '2021-09-22 14:34:48', '2021-09-22 14:34:48'),
(62, '2020-09-29', '12:32:03', '', '', 5, 1, '2021-09-22 14:34:48', '2021-09-22 14:34:48'),
(63, '2020-09-29', '12:32:22', '', '', 5, 1, '2021-09-22 14:34:48', '2021-09-22 14:34:48'),
(64, '2020-09-29', '12:32:31', '', '', 5, 1, '2021-09-22 14:34:48', '2021-09-22 14:34:48'),
(65, '2020-09-29', '12:54:56', '', '', 5, 1, '2021-09-22 14:34:48', '2021-09-22 14:34:48'),
(66, '2020-09-29', '13:18:17', '', '', 5, 1, '2021-09-22 14:34:48', '2021-09-22 14:34:48'),
(67, '2020-09-29', '13:18:17', '', '', 5, 1, '2021-09-22 14:34:48', '2021-09-22 14:34:48'),
(68, '2020-09-29', '13:24:19', '', '', 5, 1, '2021-09-22 14:34:48', '2021-09-22 14:34:48'),
(69, '2020-09-29', '23:05:03', '', '', 5, 1, '2021-09-22 14:34:48', '2021-09-22 14:34:48'),
(70, '2020-09-29', '23:05:17', '', '', 5, 1, '2021-09-22 14:34:48', '2021-09-22 14:34:48'),
(71, '2020-09-29', '23:15:22', '', '', 6, 1, '2021-09-22 14:34:48', '2021-09-22 14:34:48'),
(72, '2020-09-29', '23:15:34', '', '', 6, 1, '2021-09-22 14:34:48', '2021-09-22 14:34:48'),
(73, '2020-09-29', '23:15:58', '', '', 6, 1, '2021-09-22 14:34:48', '2021-09-22 14:34:48'),
(74, '2020-09-29', '23:16:11', '', '', 6, 1, '2021-09-22 14:34:48', '2021-09-22 14:34:48'),
(75, '2020-09-29', '23:18:38', '', '', 6, 1, '2021-09-22 14:34:48', '2021-09-22 14:34:48'),
(76, '2020-09-29', '23:18:43', '', '', 6, 1, '2021-09-22 14:34:48', '2021-09-22 14:34:48'),
(77, '2020-09-29', '23:20:28', '', '', 6, 1, '2021-09-22 14:34:48', '2021-09-22 14:34:48'),
(78, '2020-09-29', '23:20:40', '', '', 6, 1, '2021-09-22 14:34:48', '2021-09-22 14:34:48'),
(79, '2020-09-29', '23:21:28', '', '', 6, 1, '2021-09-22 14:34:48', '2021-09-22 14:34:48'),
(80, '2020-09-29', '23:21:32', '', '', 6, 1, '2021-09-22 14:34:48', '2021-09-22 14:34:48'),
(81, '2020-09-29', '23:21:38', '', '', 6, 1, '2021-09-22 14:34:48', '2021-09-22 14:34:48'),
(82, '2020-09-29', '23:21:42', '', '', 6, 1, '2021-09-22 14:34:48', '2021-09-22 14:34:48'),
(83, '2020-09-29', '23:21:44', '', '', 5, 1, '2021-09-22 14:34:48', '2021-09-22 14:34:48'),
(84, '2020-09-29', '23:21:57', '', '', 6, 1, '2021-09-22 14:34:48', '2021-09-22 14:34:48'),
(85, '2020-09-29', '23:22:09', '', '', 6, 1, '2021-09-22 14:34:48', '2021-09-22 14:34:48'),
(86, '2020-09-29', '23:23:35', '', '', 6, 1, '2021-09-22 14:34:48', '2021-09-22 14:34:48'),
(87, '2020-09-29', '23:24:14', '', '', 6, 1, '2021-09-22 14:34:48', '2021-09-22 14:34:48'),
(88, '2020-09-29', '23:26:02', '', '', 6, 1, '2021-09-22 14:34:48', '2021-09-22 14:34:48'),
(89, '2020-09-29', '23:26:31', '', '', 6, 1, '2021-09-22 14:34:48', '2021-09-22 14:34:48'),
(90, '2020-09-29', '23:27:06', '', '', 6, 1, '2021-09-22 14:34:48', '2021-09-22 14:34:48'),
(91, '2020-09-29', '23:28:55', '', '', 6, 1, '2021-09-22 14:34:48', '2021-09-22 14:34:48'),
(92, '2020-09-29', '23:30:11', '', '', 6, 7, '2021-09-22 14:34:48', '2021-09-22 14:34:48'),
(93, '2020-09-29', '23:31:39', '', '', 6, 7, '2021-09-22 14:34:48', '2021-09-22 14:34:48'),
(94, '2020-09-29', '23:32:40', '', '', 5, 7, '2021-09-22 14:34:48', '2021-09-22 14:34:48'),
(95, '2020-09-29', '23:33:11', '', '', 5, 7, '2021-09-22 14:34:48', '2021-09-22 14:34:48'),
(96, '2020-09-29', '23:33:49', '', '', 5, 7, '2021-09-22 14:34:48', '2021-09-22 14:34:48'),
(97, '2020-09-29', '23:36:26', '', '', 5, 7, '2021-09-22 14:34:48', '2021-09-22 14:34:48'),
(98, '2020-09-29', '23:36:41', '', '', 5, 7, '2021-09-22 14:34:48', '2021-09-22 14:34:48'),
(99, '2020-09-29', '23:46:26', '', '', 5, 7, '2021-09-22 14:34:48', '2021-09-22 14:34:48'),
(100, '2020-09-29', '23:46:49', '', '', 5, 7, '2021-09-22 14:34:48', '2021-09-22 14:34:48'),
(101, '2020-09-29', '23:47:23', '', '', 5, 7, '2021-09-22 14:34:48', '2021-09-22 14:34:48'),
(102, '2020-09-30', '07:44:12', '', '', 5, 7, '2021-09-22 14:34:48', '2021-09-22 14:34:48'),
(103, '2020-09-30', '08:02:10', '', '', 5, 1, '2021-09-22 14:34:48', '2021-09-22 14:34:48'),
(104, '2020-09-30', '08:02:49', '', '', 5, 1, '2021-09-22 14:34:48', '2021-09-22 14:34:48'),
(105, '2020-09-30', '08:24:37', '', '', 5, 1, '2021-09-22 14:34:48', '2021-09-22 14:34:48'),
(106, '2020-09-30', '08:24:37', '', '', 5, 1, '2021-09-22 14:34:48', '2021-09-22 14:34:48'),
(107, '2020-09-30', '09:11:01', '', '', 5, 1, '2021-09-22 14:34:48', '2021-09-22 14:34:48'),
(108, '2020-09-30', '09:50:36', '', '', 5, 1, '2021-09-22 14:34:48', '2021-09-22 14:34:48'),
(109, '2020-09-30', '09:50:54', '', '', 5, 1, '2021-09-22 14:34:48', '2021-09-22 14:34:48'),
(110, '2020-09-30', '09:58:28', '', '', 5, 1, '2021-09-22 14:34:48', '2021-09-22 14:34:48'),
(111, '2020-09-30', '09:58:59', '', '', 5, 1, '2021-09-22 14:34:48', '2021-09-22 14:34:48'),
(112, '2020-09-30', '13:36:55', '', '', 5, 1, '2021-09-22 14:34:48', '2021-09-22 14:34:48'),
(113, '2020-09-30', '13:36:56', '', '', 5, 1, '2021-09-22 14:34:48', '2021-09-22 14:34:48'),
(114, '2020-09-30', '13:37:47', '', '', 5, 1, '2021-09-22 14:34:48', '2021-09-22 14:34:48'),
(115, '2020-09-30', '13:38:18', '', '', 5, 1, '2021-09-22 14:34:48', '2021-09-22 14:34:48'),
(116, '2020-09-30', '13:38:57', '', '', 5, 1, '2021-09-22 14:34:48', '2021-09-22 14:34:48'),
(117, '2020-09-30', '13:43:59', '', '', 5, 1, '2021-09-22 14:34:48', '2021-09-22 14:34:48'),
(118, '2020-09-30', '13:44:21', '', '', 5, 1, '2021-09-22 14:34:48', '2021-09-22 14:34:48'),
(119, '2020-09-30', '13:46:18', '', '', 5, 1, '2021-09-22 14:34:48', '2021-09-22 14:34:48'),
(120, '2020-09-30', '13:46:46', '', '', 5, 1, '2021-09-22 14:34:48', '2021-09-22 14:34:48'),
(121, '2020-09-30', '14:05:35', '', '', 5, 1, '2021-09-22 14:34:48', '2021-09-22 14:34:48'),
(122, '2020-09-30', '14:05:42', '', '', 5, 1, '2021-09-22 14:34:48', '2021-09-22 14:34:48'),
(123, '2020-09-30', '14:33:17', '', '', 5, 1, '2021-09-22 14:34:48', '2021-09-22 14:34:48'),
(124, '2020-09-30', '14:33:22', '', '', 5, 1, '2021-09-22 14:34:48', '2021-09-22 14:34:48'),
(125, '2020-09-30', '14:37:19', '', '', 5, 1, '2021-09-22 14:34:48', '2021-09-22 14:34:48'),
(126, '2020-09-30', '14:38:07', '', '', 5, 1, '2021-09-22 14:34:48', '2021-09-22 14:34:48'),
(127, '2020-09-30', '15:01:37', '', '', 5, 7, '2021-09-22 14:34:48', '2021-09-22 14:34:48'),
(128, '2020-09-30', '15:01:57', '', '', 5, 7, '2021-09-22 14:34:48', '2021-09-22 14:34:48'),
(129, '2020-09-30', '15:17:09', '', '', 5, 7, '2021-09-22 14:34:48', '2021-09-22 14:34:48'),
(130, '2020-09-30', '15:17:48', '', '', 5, 7, '2021-09-22 14:34:48', '2021-09-22 14:34:48'),
(131, '2020-09-30', '15:18:14', '', '', 5, 7, '2021-09-22 14:34:48', '2021-09-22 14:34:48'),
(132, '2020-09-30', '15:18:36', '', '', 5, 7, '2021-09-22 14:34:48', '2021-09-22 14:34:48'),
(133, '2020-09-30', '15:18:51', '', '', 5, 7, '2021-09-22 14:34:48', '2021-09-22 14:34:48'),
(134, '2020-09-30', '15:18:51', '', '', 5, 7, '2021-09-22 14:34:48', '2021-09-22 14:34:48'),
(135, '2020-09-30', '15:18:52', '', '', 5, 7, '2021-09-22 14:34:48', '2021-09-22 14:34:48'),
(136, '2020-09-30', '15:19:02', '', '', 5, 7, '2021-09-22 14:34:48', '2021-09-22 14:34:48'),
(137, '2020-09-30', '15:19:33', '', '', 5, 7, '2021-09-22 14:34:48', '2021-09-22 14:34:48'),
(138, '2020-09-30', '17:00:47', '', '', 5, 1, '2021-09-22 14:34:48', '2021-09-22 14:34:48'),
(139, '2020-09-30', '17:00:51', '', '', 5, 1, '2021-09-22 14:34:48', '2021-09-22 14:34:48'),
(140, '2020-09-30', '20:17:25', '', '', 5, 1, '2021-09-22 14:34:48', '2021-09-22 14:34:48'),
(141, '2020-09-30', '20:17:25', '', '', 6, 1, '2021-09-22 14:34:48', '2021-09-22 14:34:48'),
(142, '2020-09-30', '20:18:26', '', '', 5, 1, '2021-09-22 14:34:48', '2021-09-22 14:34:48'),
(143, '2020-09-30', '20:18:26', '', '', 6, 1, '2021-09-22 14:34:48', '2021-09-22 14:34:48'),
(144, '2020-09-30', '20:18:35', '', '', 5, 1, '2021-09-22 14:34:48', '2021-09-22 14:34:48'),
(145, '2020-09-30', '20:18:35', '', '', 6, 1, '2021-09-22 14:34:48', '2021-09-22 14:34:48'),
(146, '2020-09-30', '20:24:57', '', '', 5, 1, '2021-09-22 14:34:48', '2021-09-22 14:34:48'),
(147, '2020-09-30', '20:24:57', '', '', 6, 1, '2021-09-22 14:34:48', '2021-09-22 14:34:48'),
(148, '2020-09-30', '20:24:59', '', '', 5, 1, '2021-09-22 14:34:48', '2021-09-22 14:34:48'),
(149, '2020-09-30', '20:24:59', '', '', 6, 1, '2021-09-22 14:34:48', '2021-09-22 14:34:48'),
(150, '2020-09-30', '20:25:04', '', '', 5, 1, '2021-09-22 14:34:48', '2021-09-22 14:34:48'),
(151, '2020-09-30', '20:25:04', '', '', 6, 1, '2021-09-22 14:34:48', '2021-09-22 14:34:48'),
(152, '2020-09-30', '20:25:36', '', '', 5, 1, '2021-09-22 14:34:48', '2021-09-22 14:34:48'),
(153, '2020-09-30', '20:25:36', '', '', 6, 1, '2021-09-22 14:34:48', '2021-09-22 14:34:48'),
(154, '2020-09-30', '20:28:51', '', '', 5, 1, '2021-09-22 14:34:48', '2021-09-22 14:34:48'),
(155, '2020-09-30', '20:28:51', '', '', 6, 1, '2021-09-22 14:34:48', '2021-09-22 14:34:48'),
(156, '2020-09-30', '20:33:03', '', '', 5, 1, '2021-09-22 14:34:48', '2021-09-22 14:34:48'),
(157, '2020-09-30', '20:33:03', '', '', 6, 1, '2021-09-22 14:34:48', '2021-09-22 14:34:48'),
(158, '2020-09-30', '20:33:19', '', '', 5, 1, '2021-09-22 14:34:48', '2021-09-22 14:34:48'),
(159, '2020-09-30', '20:33:19', '', '', 6, 1, '2021-09-22 14:34:48', '2021-09-22 14:34:48'),
(160, '2020-10-01', '01:22:23', '', '', 6, 7, '2021-09-22 14:34:48', '2021-09-22 14:34:48'),
(161, '2020-10-01', '01:22:46', '', '', 6, 7, '2021-09-22 14:34:48', '2021-09-22 14:34:48'),
(162, '2020-10-01', '01:23:19', '', '', 6, 7, '2021-09-22 14:34:48', '2021-09-22 14:34:48'),
(163, '2020-10-01', '01:23:33', '', '', 6, 7, '2021-09-22 14:34:48', '2021-09-22 14:34:48'),
(164, '2020-10-01', '01:23:42', '', '', 6, 7, '2021-09-22 14:34:48', '2021-09-22 14:34:48'),
(165, '2020-10-01', '01:23:50', '', '', 6, 7, '2021-09-22 14:34:48', '2021-09-22 14:34:48'),
(166, '2020-10-01', '01:23:55', '', '', 6, 7, '2021-09-22 14:34:48', '2021-09-22 14:34:48'),
(167, '2020-10-01', '01:24:05', '', '', 6, 7, '2021-09-22 14:34:48', '2021-09-22 14:34:48'),
(168, '2020-10-01', '01:24:13', '', '', 6, 7, '2021-09-22 14:34:48', '2021-09-22 14:34:48'),
(169, '2020-10-01', '01:25:07', '', '', 6, 7, '2021-09-22 14:34:48', '2021-09-22 14:34:48'),
(170, '2020-10-01', '01:25:20', '', '', 6, 7, '2021-09-22 14:34:48', '2021-09-22 14:34:48'),
(171, '2020-10-01', '01:26:24', '', '', 6, 7, '2021-09-22 14:34:48', '2021-09-22 14:34:48'),
(172, '2020-10-01', '01:26:34', '', '', 6, 7, '2021-09-22 14:34:48', '2021-09-22 14:34:48'),
(173, '2020-10-01', '01:26:47', '', '', 6, 7, '2021-09-22 14:34:48', '2021-09-22 14:34:48'),
(174, '2020-10-01', '01:31:43', '', '', 6, 7, '2021-09-22 14:34:48', '2021-09-22 14:34:48'),
(175, '2020-10-01', '01:31:52', '', '', 6, 7, '2021-09-22 14:34:48', '2021-09-22 14:34:48'),
(176, '2020-10-01', '01:32:00', '', '', 6, 7, '2021-09-22 14:34:48', '2021-09-22 14:34:48'),
(177, '2020-10-01', '01:32:09', '', '', 6, 7, '2021-09-22 14:34:48', '2021-09-22 14:34:48'),
(178, '2020-10-01', '01:32:15', '', '', 6, 7, '2021-09-22 14:34:48', '2021-09-22 14:34:48'),
(179, '2020-10-01', '01:32:24', '', '', 6, 7, '2021-09-22 14:34:48', '2021-09-22 14:34:48'),
(180, '2020-10-01', '01:35:40', '', '', 6, 7, '2021-09-22 14:34:48', '2021-09-22 14:34:48'),
(181, '2020-10-01', '01:35:59', '', '', 6, 7, '2021-09-22 14:34:48', '2021-09-22 14:34:48'),
(182, '2020-10-01', '01:49:03', '', '', 6, 7, '2021-09-22 14:34:48', '2021-09-22 14:34:48'),
(183, '2020-10-01', '01:51:48', '', '', 6, 7, '2021-09-22 14:34:48', '2021-09-22 14:34:48'),
(184, '2020-10-01', '01:51:57', '', '', 6, 7, '2021-09-22 14:34:48', '2021-09-22 14:34:48'),
(185, '2020-10-01', '01:52:13', '', '', 6, 7, '2021-09-22 14:34:48', '2021-09-22 14:34:48'),
(186, '2020-10-01', '01:52:58', '', '', 6, 7, '2021-09-22 14:34:48', '2021-09-22 14:34:48'),
(187, '2020-10-01', '01:53:10', '', '', 6, 7, '2021-09-22 14:34:48', '2021-09-22 14:34:48'),
(188, '2020-10-01', '07:43:50', '', '', 6, 7, '2021-09-22 14:34:48', '2021-09-22 14:34:48'),
(189, '2020-10-01', '07:43:51', '', '', 6, 7, '2021-09-22 14:34:48', '2021-09-22 14:34:48'),
(190, '2020-10-01', '07:54:33', '', '', 6, 7, '2021-09-22 14:34:48', '2021-09-22 14:34:48'),
(191, '2020-10-01', '07:55:28', '', '', 6, 7, '2021-09-22 14:34:48', '2021-09-22 14:34:48'),
(192, '2020-10-01', '07:56:06', '', '', 6, 7, '2021-09-22 14:34:48', '2021-09-22 14:34:48'),
(193, '2020-10-01', '07:57:14', '', '', 6, 7, '2021-09-22 14:34:48', '2021-09-22 14:34:48'),
(194, '2020-10-01', '09:30:29', '', '', 4, 7, '2021-09-22 14:34:48', '2021-09-22 14:34:48'),
(195, '2020-10-01', '09:30:29', '', '', 5, 7, '2021-09-22 14:34:48', '2021-09-22 14:34:48'),
(196, '2020-10-01', '09:51:37', '', '', 5, 7, '2021-09-22 14:34:48', '2021-09-22 14:34:48'),
(197, '2020-10-01', '09:51:37', '', '', 5, 7, '2021-09-22 14:34:48', '2021-09-22 14:34:48'),
(198, '2020-10-01', '09:51:39', '', '', 5, 7, '2021-09-22 14:34:48', '2021-09-22 14:34:48'),
(199, '2020-10-01', '09:59:37', '', '', 4, 7, '2021-09-22 14:34:48', '2021-09-22 14:34:48'),
(200, '2020-10-01', '09:59:37', '', '', 6, 7, '2021-09-22 14:34:48', '2021-09-22 14:34:48'),
(201, '2020-10-01', '09:59:56', '', '', 4, 7, '2021-09-22 14:34:48', '2021-09-22 14:34:48'),
(202, '2020-10-01', '09:59:56', '', '', 6, 7, '2021-09-22 14:34:48', '2021-09-22 14:34:48'),
(203, '2020-10-01', '10:00:31', '', '', 4, 7, '2021-09-22 14:34:48', '2021-09-22 14:34:48'),
(204, '2020-10-01', '10:00:31', '', '', 6, 7, '2021-09-22 14:34:48', '2021-09-22 14:34:48'),
(205, '2020-10-01', '10:00:54', '', '', 4, 7, '2021-09-22 14:34:48', '2021-09-22 14:34:48'),
(206, '2020-10-01', '10:00:54', '', '', 6, 7, '2021-09-22 14:34:48', '2021-09-22 14:34:48'),
(207, '2020-10-01', '10:01:39', '', '', 4, 7, '2021-09-22 14:34:48', '2021-09-22 14:34:48'),
(208, '2020-10-01', '10:01:39', '', '', 6, 7, '2021-09-22 14:34:48', '2021-09-22 14:34:48'),
(209, '2020-10-01', '10:02:43', '', '', 4, 7, '2021-09-22 14:34:48', '2021-09-22 14:34:48'),
(210, '2020-10-01', '10:02:44', '', '', 6, 7, '2021-09-22 14:34:48', '2021-09-22 14:34:48'),
(211, '2020-10-01', '10:03:05', '', '', 4, 7, '2021-09-22 14:34:48', '2021-09-22 14:34:48'),
(212, '2020-10-01', '10:03:05', '', '', 6, 7, '2021-09-22 14:34:48', '2021-09-22 14:34:48'),
(213, '2020-10-01', '10:03:24', '', '', 4, 7, '2021-09-22 14:34:48', '2021-09-22 14:34:48'),
(214, '2020-10-01', '10:03:24', '', '', 6, 7, '2021-09-22 14:34:48', '2021-09-22 14:34:48'),
(215, '2020-10-01', '10:03:53', '', '', 4, 7, '2021-09-22 14:34:48', '2021-09-22 14:34:48'),
(216, '2020-10-01', '10:03:53', '', '', 6, 7, '2021-09-22 14:34:48', '2021-09-22 14:34:48'),
(217, '2020-10-01', '10:59:43', '', '', 5, 7, '2021-09-22 14:34:48', '2021-09-22 14:34:48'),
(218, '2020-10-01', '10:59:44', '', '', 5, 7, '2021-09-22 14:34:48', '2021-09-22 14:34:48'),
(219, '2020-10-01', '10:59:55', '', '', 5, 7, '2021-09-22 14:34:48', '2021-09-22 14:34:48'),
(220, '2020-10-01', '11:00:02', '', '', 5, 7, '2021-09-22 14:34:48', '2021-09-22 14:34:48'),
(221, '2020-10-01', '11:00:18', '', '', 5, 7, '2021-09-22 14:34:48', '2021-09-22 14:34:48'),
(222, '2020-10-01', '11:00:31', '', '', 5, 7, '2021-09-22 14:34:48', '2021-09-22 14:34:48'),
(223, '2020-10-01', '18:16:34', '', '', 5, 1, '2021-09-22 14:34:48', '2021-09-22 14:34:48'),
(224, '2020-10-01', '18:17:57', '', '', 5, 1, '2021-09-22 14:34:48', '2021-09-22 14:34:48'),
(225, '2020-10-01', '18:18:40', '', '', 5, 1, '2021-09-22 14:34:48', '2021-09-22 14:34:48'),
(226, '2020-10-01', '18:18:47', '', '', 5, 1, '2021-09-22 14:34:48', '2021-09-22 14:34:48'),
(227, '2020-10-01', '18:19:49', '', '', 5, 1, '2021-09-22 14:34:48', '2021-09-22 14:34:48'),
(228, '2020-10-01', '18:19:50', '', '', 5, 1, '2021-09-22 14:34:48', '2021-09-22 14:34:48'),
(229, '2020-10-01', '18:20:23', '', '', 5, 1, '2021-09-22 14:34:48', '2021-09-22 14:34:48'),
(230, '2020-10-01', '18:38:46', '', '', 5, 7, '2021-09-22 14:34:48', '2021-09-22 14:34:48'),
(231, '2020-10-01', '18:39:09', '', '', 5, 7, '2021-09-22 14:34:48', '2021-09-22 14:34:48'),
(232, '2020-10-01', '18:39:26', '', '', 5, 7, '2021-09-22 14:34:48', '2021-09-22 14:34:48'),
(233, '2020-10-01', '18:39:28', '', '', 5, 7, '2021-09-22 14:34:48', '2021-09-22 14:34:48'),
(234, '2020-10-01', '18:40:31', '', '', 5, 7, '2021-09-22 14:34:48', '2021-09-22 14:34:48'),
(235, '2020-10-01', '18:46:23', '', '', 5, 7, '2021-09-22 14:34:48', '2021-09-22 14:34:48'),
(236, '2020-10-01', '20:29:30', '', '', 5, 1, '2021-09-22 14:34:48', '2021-09-22 14:34:48'),
(237, '2020-10-01', '20:30:10', '', '', 5, 1, '2021-09-22 14:34:48', '2021-09-22 14:34:48'),
(238, '2020-10-01', '20:31:36', '', '', 5, 1, '2021-09-22 14:34:48', '2021-09-22 14:34:48'),
(239, '2020-10-01', '20:31:57', '', '', 5, 1, '2021-09-22 14:34:48', '2021-09-22 14:34:48'),
(240, '2020-10-01', '20:32:06', '', '', 5, 1, '2021-09-22 14:34:48', '2021-09-22 14:34:48'),
(241, '2020-10-01', '20:32:30', '', '', 5, 1, '2021-09-22 14:34:48', '2021-09-22 14:34:48'),
(242, '2020-10-01', '20:54:50', '', '', 5, 1, '2021-09-22 14:34:48', '2021-09-22 14:34:48'),
(243, '2020-10-01', '20:57:19', '', '', 5, 1, '2021-09-22 14:34:48', '2021-09-22 14:34:48'),
(244, '2020-10-01', '20:57:33', '', '', 5, 1, '2021-09-22 14:34:48', '2021-09-22 14:34:48'),
(245, '2020-10-01', '20:57:44', '', '', 5, 1, '2021-09-22 14:34:48', '2021-09-22 14:34:48'),
(246, '2020-10-01', '20:57:59', '', '', 5, 1, '2021-09-22 14:34:48', '2021-09-22 14:34:48'),
(247, '2020-10-01', '20:57:59', '', '', 5, 1, '2021-09-22 14:34:48', '2021-09-22 14:34:48'),
(248, '2020-10-01', '20:58:53', '', '', 5, 1, '2021-09-22 14:34:48', '2021-09-22 14:34:48'),
(249, '2020-10-01', '21:04:06', '', '', 4, 1, '2021-09-22 14:34:48', '2021-09-22 14:34:48'),
(250, '2020-10-01', '21:04:17', '', '', 4, 1, '2021-09-22 14:34:48', '2021-09-22 14:34:48'),
(251, '2020-10-01', '21:04:34', '', '', 4, 1, '2021-09-22 14:34:48', '2021-09-22 14:34:48'),
(252, '2020-10-01', '21:04:42', '', '', 4, 1, '2021-09-22 14:34:48', '2021-09-22 14:34:48'),
(253, '2020-10-01', '21:05:03', '', '', 4, 1, '2021-09-22 14:34:48', '2021-09-22 14:34:48'),
(254, '2020-10-01', '21:05:23', '', '', 4, 1, '2021-09-22 14:34:48', '2021-09-22 14:34:48'),
(255, '2020-10-01', '21:05:36', '', '', 4, 1, '2021-09-22 14:34:48', '2021-09-22 14:34:48'),
(256, '2020-10-01', '21:06:04', '', '', 4, 1, '2021-09-22 14:34:48', '2021-09-22 14:34:48'),
(257, '2020-10-01', '21:06:25', '', '', 4, 1, '2021-09-22 14:34:48', '2021-09-22 14:34:48'),
(258, '2020-10-01', '21:06:34', '', '', 4, 1, '2021-09-22 14:34:48', '2021-09-22 14:34:48'),
(259, '2020-10-01', '21:23:43', '', '', 4, 1, '2021-09-22 14:34:48', '2021-09-22 14:34:48'),
(260, '2020-10-01', '21:24:05', '', '', 4, 1, '2021-09-22 14:34:48', '2021-09-22 14:34:48'),
(261, '2020-10-01', '21:25:19', '', '', 4, 1, '2021-09-22 14:34:48', '2021-09-22 14:34:48'),
(262, '2020-10-01', '21:33:37', '', '', 5, 1, '2021-09-22 14:34:48', '2021-09-22 14:34:48'),
(263, '2020-10-01', '21:35:08', '', '', 4, 1, '2021-09-22 14:34:48', '2021-09-22 14:34:48'),
(264, '2020-10-01', '21:35:55', '', '', 6, 1, '2021-09-22 14:34:48', '2021-09-22 14:34:48'),
(265, '2020-10-01', '21:37:38', '', '', 6, 1, '2021-09-22 14:34:48', '2021-09-22 14:34:48'),
(266, '2020-10-01', '21:39:04', '', '', 5, 1, '2021-09-22 14:34:48', '2021-09-22 14:34:48'),
(267, '2020-10-01', '21:52:02', '', '', 5, 1, '2021-09-22 14:34:48', '2021-09-22 14:34:48'),
(268, '2020-10-01', '21:56:21', '', '', 5, 7, '2021-09-22 14:34:48', '2021-09-22 14:34:48'),
(269, '2020-10-01', '21:56:30', '', '', 6, 1, '2021-09-22 14:34:48', '2021-09-22 14:34:48'),
(270, '2020-10-01', '21:56:47', '', '', 5, 7, '2021-09-22 14:34:48', '2021-09-22 14:34:48'),
(271, '2020-10-01', '21:56:47', '', '', 6, 1, '2021-09-22 14:34:48', '2021-09-22 14:34:48'),
(272, '2020-10-01', '22:04:27', '', '', 6, 1, '2021-09-22 14:34:48', '2021-09-22 14:34:48'),
(273, '2020-10-01', '22:25:25', '', '', 6, 1, '2021-09-22 14:34:48', '2021-09-22 14:34:48'),
(274, '2020-10-01', '22:25:46', '', '', 6, 1, '2021-09-22 14:34:48', '2021-09-22 14:34:48'),
(275, '2020-10-01', '22:25:46', '', '', 5, 7, '2021-09-22 14:34:48', '2021-09-22 14:34:48'),
(276, '2020-10-01', '22:26:00', '', '', 6, 1, '2021-09-22 14:34:48', '2021-09-22 14:34:48'),
(277, '2020-10-01', '22:26:05', '', '', 5, 7, '2021-09-22 14:34:48', '2021-09-22 14:34:48'),
(278, '2020-10-01', '22:26:38', '', '', 5, 7, '2021-09-22 14:34:48', '2021-09-22 14:34:48'),
(279, '2020-10-01', '22:26:45', '', '', 6, 1, '2021-09-22 14:34:48', '2021-09-22 14:34:48'),
(280, '2020-10-01', '22:29:20', '', '', 6, 1, '2021-09-22 14:34:48', '2021-09-22 14:34:48'),
(281, '2020-10-01', '22:29:34', '', '', 6, 1, '2021-09-22 14:34:48', '2021-09-22 14:34:48'),
(282, '2020-10-01', '22:29:43', '', '', 6, 1, '2021-09-22 14:34:48', '2021-09-22 14:34:48'),
(283, '2020-10-01', '22:29:56', '', '', 5, 7, '2021-09-22 14:34:48', '2021-09-22 14:34:48'),
(284, '2020-10-01', '22:29:58', '', '', 6, 1, '2021-09-22 14:34:48', '2021-09-22 14:34:48'),
(285, '2020-10-01', '22:30:12', '', '', 6, 1, '2021-09-22 14:34:48', '2021-09-22 14:34:48'),
(286, '2020-10-01', '22:30:17', '', '', 5, 7, '2021-09-22 14:34:48', '2021-09-22 14:34:48'),
(287, '2020-10-01', '22:32:21', '', '', 5, 7, '2021-09-22 14:34:48', '2021-09-22 14:34:48'),
(288, '2020-10-01', '22:32:31', '', '', 6, 1, '2021-09-22 14:34:48', '2021-09-22 14:34:48'),
(289, '2020-10-01', '22:32:37', '', '', 5, 7, '2021-09-22 14:34:48', '2021-09-22 14:34:48'),
(290, '2020-10-01', '22:32:51', '', '', 5, 7, '2021-09-22 14:34:48', '2021-09-22 14:34:48'),
(291, '2020-10-01', '22:33:00', '', '', 6, 1, '2021-09-22 14:34:48', '2021-09-22 14:34:48'),
(292, '2020-10-01', '22:33:55', '', '', 5, 7, '2021-09-22 14:34:48', '2021-09-22 14:34:48'),
(293, '2020-10-01', '22:34:08', '', '', 6, 1, '2021-09-22 14:34:48', '2021-09-22 14:34:48'),
(294, '2020-10-01', '22:34:13', '', '', 5, 7, '2021-09-22 14:34:48', '2021-09-22 14:34:48'),
(295, '2020-10-01', '22:34:23', '', '', 5, 7, '2021-09-22 14:34:48', '2021-09-22 14:34:48'),
(296, '2020-10-01', '22:34:24', '', '', 6, 1, '2021-09-22 14:34:48', '2021-09-22 14:34:48'),
(297, '2020-10-01', '22:45:39', '', '', 5, 7, '2021-09-22 14:34:48', '2021-09-22 14:34:48'),
(298, '2020-10-01', '22:45:52', '', '', 6, 7, '2021-09-22 14:34:48', '2021-09-22 14:34:48'),
(299, '2020-10-01', '22:50:24', '', '', 5, 7, '2021-09-22 14:34:48', '2021-09-22 14:34:48'),
(300, '2020-10-01', '22:50:39', '', '', 5, 7, '2021-09-22 14:34:48', '2021-09-22 14:34:48'),
(301, '2020-10-01', '22:50:55', '', '', 5, 7, '2021-09-22 14:34:48', '2021-09-22 14:34:48'),
(302, '2020-10-01', '22:51:12', '', '', 6, 7, '2021-09-22 14:34:48', '2021-09-22 14:34:48'),
(303, '2020-10-02', '00:16:58', '', '', 5, 7, '2021-09-22 14:34:48', '2021-09-22 14:34:48'),
(304, '2020-10-02', '00:18:31', '', '', 6, 7, '2021-09-22 14:34:48', '2021-09-22 14:34:48'),
(305, '2020-10-02', '00:18:45', '', '', 6, 7, '2021-09-22 14:34:48', '2021-09-22 14:34:48'),
(306, '2020-10-02', '11:11:20', '', '', 6, 7, '2021-09-22 14:34:48', '2021-09-22 14:34:48'),
(307, '2020-10-02', '11:11:40', '', '', 6, 7, '2021-09-22 14:34:48', '2021-09-22 14:34:48'),
(308, '2020-10-02', '11:12:04', '', '', 5, 7, '2021-09-22 14:34:48', '2021-09-22 14:34:48'),
(309, '2020-10-02', '11:12:15', '', '', 5, 7, '2021-09-22 14:34:48', '2021-09-22 14:34:48'),
(310, '2020-10-02', '11:17:26', '', '', 5, 7, '2021-09-22 14:34:48', '2021-09-22 14:34:48'),
(311, '2020-10-02', '11:17:57', '', '', 5, 7, '2021-09-22 14:34:48', '2021-09-22 14:34:48'),
(312, '2020-10-02', '11:20:03', '', '', 5, 7, '2021-09-22 14:34:48', '2021-09-22 14:34:48'),
(313, '2020-10-02', '11:45:35', '', '', 5, 7, '2021-09-22 14:34:48', '2021-09-22 14:34:48'),
(314, '2020-10-02', '11:46:13', '', '', 5, 7, '2021-09-22 14:34:48', '2021-09-22 14:34:48'),
(315, '2020-10-19', '16:07:01', 'tes-dana-etoll-2020-10-19-16:07:01', 'dana', 5, 12, '2021-09-22 14:34:48', '2021-09-22 14:34:48'),
(316, '2020-10-19', '16:14:25', 'tes-linkaja-etoll-2020-10-19-16:14:25', 'linkaja', 5, 12, '2021-09-22 14:34:48', '2021-09-22 14:34:48'),
(317, '2020-10-19', '16:23:00', 'tes-ovo-etoll-2020-10-19-16-23-00', 'ovo', 5, 12, '2021-09-22 14:34:48', '2021-09-22 14:34:48'),
(318, '2020-10-19', '16:51:58', 'tes-ovo-etoll-2020-10-19-16-51-58', 'ovo', 6, 1, '2021-09-22 14:34:48', '2021-09-22 14:34:48'),
(319, '2020-10-19', '16:52:45', 'tes-dana-etoll-2020-10-19-16:52:45', 'dana', 6, 1, '2021-09-22 14:34:48', '2021-09-22 14:34:48'),
(320, '2020-10-19', '16:56:37', 'tes-linkaja-etoll-2020-10-19-16:56:37', 'linkaja', 6, 1, '2021-09-22 14:34:48', '2021-09-22 14:34:48'),
(321, '2020-10-19', '16:57:08', 'tes-ovo-etoll-2020-10-19-16-57-08', 'ovo', 6, 1, '2021-09-22 14:34:48', '2021-09-22 14:34:48'),
(322, '2020-10-19', '16:59:32', 'tes-ovo-etoll-2020-10-19-16-59-32', 'ovo', 6, 1, '2021-09-22 14:34:48', '2021-09-22 14:34:48'),
(323, '2020-10-19', '17:06:21', 'tes-ovo-etoll-2020-10-19-17-06-21', 'ovo', 6, 1, '2021-09-22 14:34:48', '2021-09-22 14:34:48'),
(324, '2020-10-19', '17:06:42', 'tes-ovo-etoll-2020-10-19-17-06-42', 'ovo', 5, 12, '2021-09-22 14:34:48', '2021-09-22 14:34:48'),
(325, '2020-10-19', '17:10:41', 'tes-ovo-etoll-2020-10-19-17-10-41', 'ovo', 5, 1, '2021-09-22 14:34:48', '2021-09-22 14:34:48'),
(326, '2020-10-19', '17:12:02', 'tes-ovo-etoll-2020-10-19-17-12-02', 'ovo', 6, 1, '2021-09-22 14:34:48', '2021-09-22 14:34:48'),
(327, '2020-10-19', '17:12:25', 'tes-ovo-etoll-2020-10-19-17-12-25', 'ovo', 6, 1, '2021-09-22 14:34:48', '2021-09-22 14:34:48'),
(328, '2020-10-19', '17:13:45', 'tes-ovo-etoll-2020-10-19-17-13-45', 'ovo', 6, 1, '2021-09-22 14:34:48', '2021-09-22 14:34:48'),
(329, '2020-10-19', '17:14:22', 'tes-ovo-etoll-2020-10-19-17-14-22', 'ovo', 5, 1, '2021-09-22 14:34:48', '2021-09-22 14:34:48'),
(330, '2020-10-19', '17:14:49', 'tes-ovo-etoll-2020-10-19-17-14-49', 'ovo', 5, 12, '2021-09-22 14:34:48', '2021-09-22 14:34:48'),
(331, '2020-10-19', '17:15:21', 'tes-ovo-etoll-2020-10-19-17-15-21', 'ovo', 5, 12, '2021-09-22 14:34:48', '2021-09-22 14:34:48'),
(332, '2020-10-19', '17:16:13', 'tes-ovo-etoll-2020-10-19-17-16-13', 'ovo', 5, 12, '2021-09-22 14:34:48', '2021-09-22 14:34:48'),
(333, '2020-10-19', '17:16:33', 'tes-ovo-etoll-2020-10-19-17-16-33', 'ovo', 5, 12, '2021-09-22 14:34:48', '2021-09-22 14:34:48'),
(334, '2020-10-19', '17:16:52', 'tes-ovo-etoll-2020-10-19-17-16-52', 'ovo', 5, 12, '2021-09-22 14:34:48', '2021-09-22 14:34:48'),
(335, '2020-10-19', '17:17:08', 'tes-ovo-etoll-2020-10-19-17-17-08', 'ovo', 5, 12, '2021-09-22 14:34:48', '2021-09-22 14:34:48'),
(336, '2020-10-19', '17:23:29', 'tes-ovo-etoll-2020-10-19-17-23-29', 'ovo', 5, 12, '2021-09-22 14:34:48', '2021-09-22 14:34:48'),
(337, '2020-10-19', '17:26:25', 'tes-ovo-etoll-2020-10-19-17-26-25', 'ovo', 5, 12, '2021-09-22 14:34:48', '2021-09-22 14:34:48'),
(338, '2020-10-19', '17:27:07', 'tes-ovo-etoll-2020-10-19-17-27-07', 'ovo', 5, 12, '2021-09-22 14:34:48', '2021-09-22 14:34:48'),
(339, '2020-10-19', '17:30:19', 'tes-ovo-etoll-2020-10-19-17-30-19', 'ovo', 6, 1, '2021-09-22 14:34:48', '2021-09-22 14:34:48'),
(340, '2020-10-19', '17:34:36', 'tes-ovo-etoll-2020-10-19-17-34-36', 'ovo', 6, 15, '2021-09-22 14:34:48', '2021-09-22 14:34:48'),
(341, '2020-10-19', '17:34:46', 'tes-dana-etoll-2020-10-19-17:34:46', 'dana', 6, 15, '2021-09-22 14:34:48', '2021-09-22 14:34:48'),
(342, '2020-10-19', '17:35:22', 'tes-linkaja-etoll-2020-10-19-17:35:22', 'linkaja', 6, 15, '2021-09-22 14:34:48', '2021-09-22 14:34:48'),
(343, '2020-10-19', '17:35:24', 'tes-linkaja-etoll-2020-10-19-17:35:24', 'linkaja', 6, 15, '2021-09-22 14:34:48', '2021-09-22 14:34:48'),
(344, '2020-10-19', '17:37:53', 'tes-linkaja-etoll-2020-10-19-17:37:53', 'linkaja', 6, 16, '2021-09-22 14:34:48', '2021-09-22 14:34:48'),
(345, '2020-10-19', '17:38:19', 'tes-linkaja-etoll-2020-10-19-17:38:19', 'linkaja', 6, 16, '2021-09-22 14:34:48', '2021-09-22 14:34:48'),
(346, '2020-10-19', '17:38:26', 'tes-linkaja-etoll-2020-10-19-17:38:26', 'linkaja', 6, 16, '2021-09-22 14:34:48', '2021-09-22 14:34:48'),
(347, '2020-10-19', '17:38:35', 'tes-linkaja-etoll-2020-10-19-17:38:35', 'linkaja', 6, 16, '2021-09-22 14:34:48', '2021-09-22 14:34:48'),
(348, '2020-10-20', '16:47:32', 'tes-ovo-etoll-2020-10-20-16-47-32', 'ovo', 6, 1, '2021-09-22 14:34:48', '2021-09-22 14:34:48'),
(349, '2020-10-20', '16:48:13', 'tes-dana-etoll-2020-10-20-16:48:13', 'dana', 6, 1, '2021-09-22 14:34:48', '2021-09-22 14:34:48'),
(350, '2020-10-21', '12:54:06', 'tes-ovo-etoll-2020-10-21-12-54-06', 'ovo', 6, 1, '2021-09-22 14:34:48', '2021-09-22 14:34:48'),
(351, '2020-10-21', '13:00:38', 'tes-ovo-etoll-2020-10-21-13-00-38', 'ovo', 6, 1, '2021-09-22 14:34:48', '2021-09-22 14:34:48'),
(352, '2020-10-21', '13:04:46', 'tes-linkaja-etoll-2020-10-21-13:04:46', 'linkaja', 6, 1, '2021-09-22 14:34:48', '2021-09-22 14:34:48'),
(353, '2020-10-21', '13:10:16', 'tes-ovo-etoll-2020-10-21-13-10-16', 'ovo', 6, 1, '2021-09-22 14:34:48', '2021-09-22 14:34:48'),
(354, '2020-10-21', '13:10:21', 'tes-dana-etoll-2020-10-21-13:10:21', 'dana', 6, 1, '2021-09-22 14:34:48', '2021-09-22 14:34:48'),
(355, '2020-10-21', '13:10:40', 'tes-linkaja-etoll-2020-10-21-13:10:40', 'linkaja', 6, 1, '2021-09-22 14:34:48', '2021-09-22 14:34:48'),
(356, '2020-10-21', '13:10:42', 'tes-linkaja-etoll-2020-10-21-13:10:42', 'linkaja', 6, 1, '2021-09-22 14:34:48', '2021-09-22 14:34:48'),
(357, '2020-10-21', '13:11:47', 'tes-ovo-etoll-2020-10-21-13-11-47', 'ovo', 6, 1, '2021-09-22 14:34:48', '2021-09-22 14:34:48'),
(358, '2020-10-21', '13:11:48', 'tes-ovo-etoll-2020-10-21-13-11-48', 'ovo', 6, 1, '2021-09-22 14:34:48', '2021-09-22 14:34:48'),
(359, '2020-10-21', '13:12:06', 'tes-ovo-etoll-2020-10-21-13-12-06', 'ovo', 6, 1, '2021-09-22 14:34:48', '2021-09-22 14:34:48'),
(360, '2020-10-21', '13:21:09', 'tes-ovo-etoll-2020-10-21-13-21-09', 'ovo', 6, 17, '2021-09-22 14:34:48', '2021-09-22 14:34:48'),
(361, '2020-10-21', '13:21:10', 'tes-ovo-etoll-2020-10-21-13-21-10', 'ovo', 6, 17, '2021-09-22 14:34:48', '2021-09-22 14:34:48'),
(362, '2020-10-21', '13:21:25', 'tes-linkaja-etoll-2020-10-21-13:21:25', 'linkaja', 6, 17, '2021-09-22 14:34:48', '2021-09-22 14:34:48'),
(363, '2020-10-21', '13:31:03', 'tes-ovo-etoll-2020-10-21-13-31-03', 'ovo', 6, 1, '2021-09-22 14:34:48', '2021-09-22 14:34:48'),
(364, '2020-10-21', '13:31:10', 'tes-ovo-etoll-2020-10-21-13-31-10', 'ovo', 6, 17, '2021-09-22 14:34:48', '2021-09-22 14:34:48'),
(365, '2020-10-21', '13:31:11', 'tes-ovo-etoll-2020-10-21-13-31-11', 'ovo', 6, 17, '2021-09-22 14:34:48', '2021-09-22 14:34:48'),
(366, '2020-10-21', '13:57:57', 'tes-ovo-etoll-2020-10-21-13-57-57', 'ovo', 6, 18, '2021-09-22 14:34:48', '2021-09-22 14:34:48'),
(367, '2020-10-21', '14:17:50', 'tes-ovo-etoll-2020-10-21-14-17-50', 'ovo', 6, 18, '2021-09-22 14:34:48', '2021-09-22 14:34:48'),
(368, '2020-10-21', '14:17:56', 'tes-dana-etoll-2020-10-21-14:17:56', 'dana', 6, 18, '2021-09-22 14:34:48', '2021-09-22 14:34:48'),
(369, '2020-10-21', '14:27:08', 'tes-dana-etoll-2020-10-21-14:27:08', 'dana', 6, 18, '2021-09-22 14:34:48', '2021-09-22 14:34:48'),
(370, '2020-10-21', '14:33:12', 'tes-linkaja-etoll-2020-10-21-14:33:12', 'linkaja', 6, 18, '2021-09-22 14:34:48', '2021-09-22 14:34:48'),
(371, '2020-10-21', '14:33:13', 'tes-linkaja-etoll-2020-10-21-14:33:13', 'linkaja', 6, 18, '2021-09-22 14:34:48', '2021-09-22 14:34:48'),
(372, '2020-10-21', '14:59:36', 'tes-ovo-etoll-2020-10-21-14-59-36', 'ovo', 6, 18, '2021-09-22 14:34:48', '2021-09-22 14:34:48'),
(373, '2020-10-21', '14:59:43', 'tes-linkaja-etoll-2020-10-21-14:59:43', 'linkaja', 6, 18, '2021-09-22 14:34:48', '2021-09-22 14:34:48'),
(374, '2020-10-22', '00:26:13', 'tes-ovo-etoll-2020-10-22-00-26-13', 'ovo', 5, 1, '2021-09-22 14:34:48', '2021-09-22 14:34:48'),
(375, '2020-10-22', '00:26:37', 'tes-linkaja-etoll-2020-10-22-00:26:37', 'linkaja', 5, 1, '2021-09-22 14:34:48', '2021-09-22 14:34:48'),
(376, '2020-10-22', '00:27:23', 'tes-ovo-etoll-2020-10-22-00-27-23', 'ovo', 6, 1, '2021-09-22 14:34:48', '2021-09-22 14:34:48'),
(377, '2020-10-22', '00:27:52', 'tes-ovo-etoll-2020-10-22-00-27-52', 'ovo', 6, 1, '2021-09-22 14:34:48', '2021-09-22 14:34:48'),
(378, '2020-10-22', '00:30:18', 'tes-dana-etoll-2020-10-22-00:30:18', 'dana', 6, 1, '2021-09-22 14:34:48', '2021-09-22 14:34:48'),
(379, '2020-10-22', '00:30:40', 'tes-ovo-etoll-2020-10-22-00-30-40', 'ovo', 6, 1, '2021-09-22 14:34:48', '2021-09-22 14:34:48'),
(380, '2020-10-22', '00:30:47', 'tes-ovo-etoll-2020-10-22-00-30-47', 'ovo', 6, 1, '2021-09-22 14:34:48', '2021-09-22 14:34:48'),
(381, '2020-10-22', '15:29:40', 'tes-ovo-etoll-2020-10-22-15-29-40', 'ovo', 6, 18, '2021-09-22 14:34:48', '2021-09-22 14:34:48'),
(382, '2020-10-22', '16:57:08', 'tes-ovo-etoll-2020-10-22-16-57-08', 'ovo', 6, 1, '2021-09-22 14:34:48', '2021-09-22 14:34:48'),
(383, '2020-10-22', '16:58:07', 'tes-dana-etoll-2020-10-22-16:58:07', 'dana', 6, 1, '2021-09-22 14:34:48', '2021-09-22 14:34:48'),
(384, '2020-10-22', '16:58:49', 'tes-linkaja-etoll-2020-10-22-16:58:49', 'linkaja', 6, 1, '2021-09-22 14:34:48', '2021-09-22 14:34:48'),
(385, '2020-10-22', '16:58:51', 'tes-linkaja-etoll-2020-10-22-16:58:51', 'linkaja', 6, 1, '2021-09-22 14:34:48', '2021-09-22 14:34:48'),
(386, '2020-10-22', '16:58:51', 'tes-linkaja-etoll-2020-10-22-16:58:51', 'linkaja', 6, 1, '2021-09-22 14:34:48', '2021-09-22 14:34:48'),
(387, '2020-10-22', '16:58:57', 'tes-ovo-etoll-2020-10-22-16-58-57', 'ovo', 6, 1, '2021-09-22 14:34:48', '2021-09-22 14:34:48'),
(388, '2020-10-22', '23:21:25', 'tes-ovo-etoll-2020-10-22-23-21-25', 'ovo', 6, 1, '2021-09-22 14:34:48', '2021-09-22 14:34:48'),
(389, '2020-10-22', '23:21:41', 'tes-ovo-etoll-2020-10-22-23-21-41', 'ovo', 6, 1, '2021-09-22 14:34:48', '2021-09-22 14:34:48'),
(390, '2020-10-22', '23:21:47', 'tes-linkaja-etoll-2020-10-22-23:21:47', 'linkaja', 6, 1, '2021-09-22 14:34:48', '2021-09-22 14:34:48'),
(391, '2020-10-22', '23:23:26', 'tes-ovo-etoll-2020-10-22-23-23-26', 'ovo', 6, 1, '2021-09-22 14:34:48', '2021-09-22 14:34:48'),
(392, '2020-10-22', '23:23:59', 'tes-dana-etoll-2020-10-22-23:23:59', 'dana', 6, 1, '2021-09-22 14:34:48', '2021-09-22 14:34:48'),
(393, '2020-10-22', '23:24:11', 'tes-linkaja-etoll-2020-10-22-23:24:11', 'linkaja', 6, 1, '2021-09-22 14:34:48', '2021-09-22 14:34:48'),
(394, '2020-10-22', '23:24:56', 'tes-ovo-etoll-2020-10-22-23-24-56', 'ovo', 6, 1, '2021-09-22 14:34:48', '2021-09-22 14:34:48'),
(395, '2020-10-22', '23:25:49', 'tes-ovo-etoll-2020-10-22-23-25-49', 'ovo', 6, 1, '2021-09-22 14:34:48', '2021-09-22 14:34:48'),
(396, '2020-10-22', '23:27:49', 'tes-ovo-etoll-2020-10-22-23-27-49', 'ovo', 6, 1, '2021-09-22 14:34:48', '2021-09-22 14:34:48'),
(397, '2020-10-22', '23:29:05', 'tes-ovo-etoll-2020-10-22-23-29-05', 'ovo', 6, 1, '2021-09-22 14:34:48', '2021-09-22 14:34:48'),
(398, '2020-10-22', '23:29:23', 'tes-linkaja-etoll-2020-10-22-23:29:23', 'linkaja', 6, 1, '2021-09-22 14:34:48', '2021-09-22 14:34:48'),
(399, '2020-10-22', '23:29:40', 'tes-dana-etoll-2020-10-22-23:29:40', 'dana', 6, 1, '2021-09-22 14:34:48', '2021-09-22 14:34:48'),
(400, '2020-10-22', '23:30:51', 'tes-ovo-etoll-2020-10-22-23-30-51', 'ovo', 5, 1, '2021-09-22 14:34:48', '2021-09-22 14:34:48'),
(401, '2020-10-22', '23:32:26', 'tes-ovo-etoll-2020-10-22-23-32-26', 'ovo', 5, 1, '2021-09-22 14:34:48', '2021-09-22 14:34:48'),
(402, '2020-10-22', '23:32:52', 'tes-ovo-etoll-2020-10-22-23-32-52', 'ovo', 6, 1, '2021-09-22 14:34:48', '2021-09-22 14:34:48'),
(403, '2020-10-22', '23:33:02', 'tes-ovo-etoll-2020-10-22-23-33-02', 'ovo', 6, 1, '2021-09-22 14:34:48', '2021-09-22 14:34:48'),
(404, '2020-10-22', '23:33:12', 'tes-ovo-etoll-2020-10-22-23-33-12', 'ovo', 5, 1, '2021-09-22 14:34:48', '2021-09-22 14:34:48'),
(405, '2020-10-22', '23:34:15', 'tes-ovo-etoll-2020-10-22-23-34-15', 'ovo', 5, 1, '2021-09-22 14:34:48', '2021-09-22 14:34:48'),
(406, '2020-10-22', '23:34:39', 'tes-ovo-etoll-2020-10-22-23-34-39', 'ovo', 5, 1, '2021-09-22 14:34:48', '2021-09-22 14:34:48'),
(407, '2020-10-22', '23:40:56', 'tes-linkaja-etoll-2020-10-22-23:40:56', 'linkaja', 5, 19, '2021-09-22 14:34:48', '2021-09-22 14:34:48'),
(408, '2020-10-22', '23:41:08', 'tes-ovo-etoll-2020-10-22-23-41-08', 'ovo', 5, 19, '2021-09-22 14:34:48', '2021-09-22 14:34:48'),
(409, '2020-10-22', '23:41:14', 'tes-dana-etoll-2020-10-22-23:41:14', 'dana', 5, 19, '2021-09-22 14:34:48', '2021-09-22 14:34:48'),
(410, '2020-10-22', '23:42:47', 'tes-linkaja-etoll-2020-10-22-23:42:47', 'linkaja', 5, 1, '2021-09-22 14:34:48', '2021-09-22 14:34:48'),
(411, '2020-10-22', '23:42:55', 'tes-dana-etoll-2020-10-22-23:42:55', 'dana', 5, 1, '2021-09-22 14:34:48', '2021-09-22 14:34:48'),
(412, '2020-10-22', '23:43:23', 'tes-linkaja-etoll-2020-10-22-23:43:23', 'linkaja', 5, 1, '2021-09-22 14:34:48', '2021-09-22 14:34:48'),
(413, '2020-10-23', '00:07:07', 'tes-dana-etoll-2020-10-23-00:07:07', 'dana', 5, 20, '2021-09-22 14:34:48', '2021-09-22 14:34:48'),
(414, '2020-10-23', '00:17:53', 'tes-ovo-etoll-2020-10-23-00-17-53', 'ovo', 5, 20, '2021-09-22 14:34:48', '2021-09-22 14:34:48'),
(415, '2020-10-23', '00:18:52', 'tes-ovo-etoll-2020-10-23-00-18-52', 'ovo', 5, 20, '2021-09-22 14:34:48', '2021-09-22 14:34:48'),
(416, '2020-10-23', '00:45:04', 'tes-dana-etoll-2020-10-23-00:45:04', 'dana', 5, 20, '2021-09-22 14:34:48', '2021-09-22 14:34:48'),
(417, '2020-10-23', '00:45:02', 'tes-dana-etoll-2020-10-23-00:45:02', 'dana', 5, 20, '2021-09-22 14:34:48', '2021-09-22 14:34:48'),
(418, '2020-10-23', '00:46:51', 'tes-dana-etoll-2020-10-23-00:46:51', 'dana', 5, 21, '2021-09-22 14:34:48', '2021-09-22 14:34:48'),
(419, '2020-10-23', '11:54:50', 'tes-dana-etoll-2020-10-23-11:54:50', 'dana', 6, 17, '2021-09-22 14:34:48', '2021-09-22 14:34:48'),
(420, '2020-10-23', '11:55:11', 'tes-ovo-etoll-2020-10-23-11-55-11', 'ovo', 6, 17, '2021-09-22 14:34:48', '2021-09-22 14:34:48'),
(421, '2020-10-23', '12:08:15', 'tes-ovo-etoll-2020-10-23-12-08-15', 'ovo', 6, 17, '2021-09-22 14:34:48', '2021-09-22 14:34:48'),
(422, '2020-10-23', '12:18:37', 'tes-ovo-etoll-2020-10-23-12-18-37', 'ovo', 6, 17, '2021-09-22 14:34:48', '2021-09-22 14:34:48'),
(423, '2020-10-23', '13:10:50', 'tes-ovo-etoll-2020-10-23-13-10-50', 'ovo', 6, 17, '2021-09-22 14:34:48', '2021-09-22 14:34:48'),
(424, '2020-10-24', '05:09:00', 'tes-ovo-etoll-2020-10-24-05-09-00', 'ovo', 5, 20, '2021-09-22 14:34:48', '2021-09-22 14:34:48'),
(425, '2020-10-24', '05:09:01', 'tes-ovo-etoll-2020-10-24-05-09-01', 'ovo', 5, 20, '2021-09-22 14:34:48', '2021-09-22 14:34:48'),
(426, '2020-10-24', '05:09:09', 'tes-linkaja-etoll-2020-10-24-05:09:09', 'linkaja', 5, 20, '2021-09-22 14:34:48', '2021-09-22 14:34:48'),
(427, '2020-10-24', '05:16:21', 'tes-ovo-etoll-2020-10-24-05-16-21', 'ovo', 5, 20, '2021-09-22 14:34:48', '2021-09-22 14:34:48'),
(428, '2020-10-24', '05:16:42', 'tes-dana-etoll-2020-10-24-05:16:42', 'dana', 5, 20, '2021-09-22 14:34:48', '2021-09-22 14:34:48'),
(429, '2020-10-24', '05:17:01', 'tes-linkaja-etoll-2020-10-24-05:17:01', 'linkaja', 5, 20, '2021-09-22 14:34:48', '2021-09-22 14:34:48'),
(430, '2020-10-24', '05:19:46', 'tes-ovo-etoll-2020-10-24-05-19-46', 'ovo', 6, 20, '2021-09-22 14:34:48', '2021-09-22 14:34:48'),
(431, '2020-10-24', '05:37:30', 'tes-ovo-etoll-2020-10-24-05-37-30', 'ovo', 6, 20, '2021-09-22 14:34:48', '2021-09-22 14:34:48'),
(432, '2020-10-24', '05:37:31', 'tes-ovo-etoll-2020-10-24-05-37-31', 'ovo', 6, 20, '2021-09-22 14:34:48', '2021-09-22 14:34:48'),
(433, '2020-10-24', '06:19:13', 'tes-ovo-etoll-2020-10-24-06-19-13', 'ovo', 5, 22, '2021-09-22 14:34:48', '2021-09-22 14:34:48'),
(434, '2020-10-24', '06:19:22', 'tes-dana-etoll-2020-10-24-06:19:22', 'dana', 5, 22, '2021-09-22 14:34:48', '2021-09-22 14:34:48'),
(435, '2020-10-24', '06:20:29', 'tes-linkaja-etoll-2020-10-24-06:20:29', 'linkaja', 5, 22, '2021-09-22 14:34:48', '2021-09-22 14:34:48'),
(436, '2020-10-25', '21:22:40', 'tes-ovo-etoll-2020-10-25-21-22-40', 'ovo', 2, 18, '2021-09-22 14:34:48', '2021-09-22 14:34:48'),
(437, '2020-10-25', '21:23:04', 'tes-dana-etoll-2020-10-25-21:23:04', 'dana', 2, 18, '2021-09-22 14:34:48', '2021-09-22 14:34:48'),
(438, '2020-10-25', '21:23:09', 'tes-dana-etoll-2020-10-25-21:23:09', 'dana', 2, 18, '2021-09-22 14:34:48', '2021-09-22 14:34:48'),
(439, '2020-10-25', '21:29:59', 'tes-ovo-etoll-2020-10-25-21-29-59', 'ovo', 2, 18, '2021-09-22 14:34:48', '2021-09-22 14:34:48'),
(440, '2020-10-25', '21:31:53', 'tes-ovo-etoll-2020-10-25-21-31-53', 'ovo', 2, 18, '2021-09-22 14:34:48', '2021-09-22 14:34:48'),
(441, '2020-10-26', '11:38:19', 'tes-dana-etoll-2020-10-26-11:38:19', 'dana', 6, 23, '2021-09-22 14:34:48', '2021-09-22 14:34:48'),
(442, '2020-10-26', '11:38:34', 'tes-dana-etoll-2020-10-26-11:38:34', 'dana', 6, 23, '2021-09-22 14:34:48', '2021-09-22 14:34:48'),
(443, '2020-10-26', '11:38:41', 'tes-linkaja-etoll-2020-10-26-11:38:41', 'linkaja', 6, 23, '2021-09-22 14:34:48', '2021-09-22 14:34:48'),
(444, '2020-10-26', '13:59:04', 'tes-ovo-etoll-2020-10-26-13-59-04', 'ovo', 6, 24, '2021-09-22 14:34:48', '2021-09-22 14:34:48'),
(445, '2020-10-26', '13:59:05', 'tes-ovo-etoll-2020-10-26-13-59-05', 'ovo', 6, 24, '2021-09-22 14:34:48', '2021-09-22 14:34:48'),
(446, '2020-10-26', '13:59:27', 'tes-ovo-etoll-2020-10-26-13-59-27', 'ovo', 6, 24, '2021-09-22 14:34:48', '2021-09-22 14:34:48'),
(447, '2020-10-26', '13:59:45', 'tes-ovo-etoll-2020-10-26-13-59-45', 'ovo', 6, 24, '2021-09-22 14:34:48', '2021-09-22 14:34:48'),
(448, '2020-10-26', '14:03:31', 'tes-linkaja-etoll-2020-10-26-14:03:24', 'linkaja', 6, 24, '2021-09-22 14:34:48', '2021-09-22 14:34:48'),
(449, '2020-10-26', '14:10:04', 'tes-ovo-etoll-2020-10-26-14-10-04', 'ovo', 6, 25, '2021-09-22 14:34:48', '2021-09-22 14:34:48'),
(450, '2020-10-26', '14:21:18', 'tes-dana-etoll-2020-10-26-14:19:56', 'dana', 6, 26, '2021-09-22 14:34:48', '2021-09-22 14:34:48'),
(451, '2020-10-26', '15:48:43', 'tes-ovo-etoll-2020-10-26-15-48-43', 'ovo', 6, 27, '2021-09-22 14:34:48', '2021-09-22 14:34:48'),
(452, '2020-10-26', '15:49:59', 'tes-dana-etoll-2020-10-26-15:49:11', 'dana', 6, 27, '2021-09-22 14:34:48', '2021-09-22 14:34:48'),
(453, '2020-10-26', '15:50:20', 'tes-linkaja-etoll-2020-10-26-15:50:13', 'linkaja', 6, 27, '2021-09-22 14:34:48', '2021-09-22 14:34:48'),
(454, '2020-10-26', '22:45:05', 'tes-ovo-etoll-2020-10-26-22-45-05', 'ovo', 5, 27, '2021-09-22 14:34:48', '2021-09-22 14:34:48'),
(455, '2020-10-26', '22:45:06', 'tes-ovo-etoll-2020-10-26-22-45-06', 'ovo', 5, 27, '2021-09-22 14:34:48', '2021-09-22 14:34:48'),
(456, '2020-10-26', '22:45:07', 'tes-ovo-etoll-2020-10-26-22-45-07', 'ovo', 5, 27, '2021-09-22 14:34:48', '2021-09-22 14:34:48'),
(457, '2020-10-26', '22:45:24', 'tes-linkaja-etoll-2020-10-26-22:45:16', 'linkaja', 5, 27, '2021-09-22 14:34:48', '2021-09-22 14:34:48'),
(458, '2020-10-26', '22:47:56', 'tes-linkaja-etoll-2020-10-26-22:47:49', 'linkaja', 5, 27, '2021-09-22 14:34:48', '2021-09-22 14:34:48'),
(459, '2020-10-27', '16:17:50', 'tes-linkaja-etoll-2020-10-27-16:17:45', 'linkaja', 6, 23, '2021-09-22 14:34:48', '2021-09-22 14:34:48'),
(460, '2020-10-27', '16:18:06', 'tes-ovo-etoll-2020-10-27-16-18-06', 'ovo', 6, 18, '2021-09-22 14:34:48', '2021-09-22 14:34:48'),
(461, '2020-10-27', '16:18:09', 'tes-linkaja-etoll-2020-10-27-16:18:03', 'linkaja', 6, 23, '2021-09-22 14:34:48', '2021-09-22 14:34:48'),
(462, '2020-10-27', '16:44:26', 'tes-ovo-etoll-2020-10-27-16-44-26', 'ovo', 6, 18, '2021-09-22 14:34:48', '2021-09-22 14:34:48'),
(463, '2020-10-27', '16:44:55', 'tes-ovo-etoll-2020-10-27-16-44-55', 'ovo', 6, 18, '2021-09-22 14:34:48', '2021-09-22 14:34:48'),
(464, '2020-10-27', '16:45:30', 'tes-ovo-etoll-2020-10-27-16-45-30', 'ovo', 6, 18, '2021-09-22 14:34:48', '2021-09-22 14:34:48'),
(465, '2020-10-27', '16:47:59', 'tes-linkaja-etoll-2020-10-27-16:47:50', 'linkaja', 6, 28, '2021-09-22 14:34:48', '2021-09-22 14:34:48'),
(466, '2020-10-27', '16:48:18', 'tes-ovo-etoll-2020-10-27-16-48-18', 'ovo', 6, 28, '2021-09-22 14:34:48', '2021-09-22 14:34:48'),
(467, '2020-10-27', '22:05:06', 'tes-ovo-etoll-2020-10-27-22-05-06', 'ovo', 5, 28, '2021-09-22 14:34:48', '2021-09-22 14:34:48'),
(468, '2020-10-27', '22:05:33', 'tes-ovo-etoll-2020-10-27-22-05-33', 'ovo', 5, 28, '2021-09-22 14:34:48', '2021-09-22 14:34:48'),
(469, '2020-10-27', '22:05:35', 'tes-ovo-etoll-2020-10-27-22-05-35', 'ovo', 5, 28, '2021-09-22 14:34:48', '2021-09-22 14:34:48'),
(470, '2020-10-27', '22:07:18', 'tes-ovo-etoll-2020-10-27-22-07-18', 'ovo', 5, 28, '2021-09-22 14:34:48', '2021-09-22 14:34:48'),
(471, '2020-10-27', '22:09:28', 'tes-ovo-etoll-2020-10-27-22-09-28', 'ovo', 5, 28, '2021-09-22 14:34:48', '2021-09-22 14:34:48'),
(472, '2020-10-27', '22:09:55', 'tes-linkaja-etoll-2020-10-27-22:09:47', 'linkaja', 5, 28, '2021-09-22 14:34:48', '2021-09-22 14:34:48'),
(473, '2020-10-27', '22:13:02', 'tes-ovo-etoll-2020-10-27-22-13-02', 'ovo', 5, 28, '2021-09-22 14:34:48', '2021-09-22 14:34:48'),
(474, '2020-10-27', '22:17:44', 'tes-ovo-etoll-2020-10-27-22-17-44', 'ovo', 5, 28, '2021-09-22 14:34:48', '2021-09-22 14:34:48'),
(475, '2020-10-27', '22:18:15', 'tes-ovo-etoll-2020-10-27-22-18-15', 'ovo', 5, 28, '2021-09-22 14:34:48', '2021-09-22 14:34:48'),
(476, '2020-10-28', '02:32:34', 'tes-linkaja-etoll-2020-10-27-16:17:45', 'linkaja', 6, 23, '2021-09-22 14:34:48', '2021-09-22 14:34:48'),
(477, '2020-10-29', '15:54:37', 'tes-ovo-etoll-2020-10-29-15-54-37', 'ovo', 5, 18, '2021-09-22 14:34:48', '2021-09-22 14:34:48'),
(478, '2020-10-29', '15:55:20', 'tes-ovo-etoll-2020-10-29-15-55-20', 'ovo', 5, 18, '2021-09-22 14:34:48', '2021-09-22 14:34:48');
INSERT INTO `transaksi` (`id`, `tanggal`, `waktu`, `ext_id`, `metode`, `id_kasir`, `id_user`, `created_at`, `updated_at`) VALUES
(479, '2020-10-29', '15:56:06', 'tes-linkaja-etoll-2020-10-29-15:55:59', 'linkaja', 5, 18, '2021-09-22 14:34:48', '2021-09-22 14:34:48'),
(480, '2020-10-29', '15:57:08', 'tes-ovo-etoll-2020-10-29-15-57-08', 'ovo', 5, 18, '2021-09-22 14:34:48', '2021-09-22 14:34:48'),
(481, '2020-10-29', '16:02:45', 'tes-ovo-etoll-2020-10-29-16-02-45', 'ovo', 6, 18, '2021-09-22 14:34:48', '2021-09-22 14:34:48'),
(482, '2020-10-29', '16:07:37', 'tes-linkaja-etoll-2020-10-29-16:07:32', 'linkaja', 5, 18, '2021-09-22 14:34:48', '2021-09-22 14:34:48'),
(483, '2020-10-29', '16:08:08', 'tes-ovo-etoll-2020-10-29-16-08-08', 'ovo', 6, 18, '2021-09-22 14:34:48', '2021-09-22 14:34:48'),
(484, '2020-10-29', '16:21:03', 'tes-ovo-etoll-2020-10-29-16-21-03', 'ovo', 6, 18, '2021-09-22 14:34:48', '2021-09-22 14:34:48'),
(485, '2020-10-29', '16:21:05', 'tes-ovo-etoll-2020-10-29-16-21-05', 'ovo', 6, 18, '2021-09-22 14:34:48', '2021-09-22 14:34:48'),
(486, '2020-10-29', '16:21:32', 'tes-linkaja-etoll-2020-10-29-16:21:28', 'linkaja', 6, 18, '2021-09-22 14:34:48', '2021-09-22 14:34:48'),
(487, '2020-10-29', '16:23:51', 'tes-ovo-etoll-2020-10-29-16-23-51', 'ovo', 6, 1, '2021-09-22 14:34:48', '2021-09-22 14:34:48'),
(488, '2020-10-29', '16:28:22', 'tes-ovo-etoll-2020-10-29-16-28-22', 'ovo', 6, 1, '2021-09-22 14:34:48', '2021-09-22 14:34:48'),
(489, '2020-10-29', '16:33:37', 'tes-ovo-etoll-2020-10-29-16-33-37', 'ovo', 6, 18, '2021-09-22 14:34:48', '2021-09-22 14:34:48'),
(490, '2020-10-29', '16:34:06', 'tes-ovo-etoll-2020-10-29-16-34-06', 'ovo', 6, 1, '2021-09-22 14:34:48', '2021-09-22 14:34:48'),
(491, '2020-10-29', '16:34:07', 'tes-ovo-etoll-2020-10-29-16-34-07', 'ovo', 6, 1, '2021-09-22 14:34:48', '2021-09-22 14:34:48'),
(492, '2020-10-29', '16:35:29', 'tes-linkaja-etoll-2020-10-29-16:35:22', 'linkaja', 6, 29, '2021-09-22 14:34:48', '2021-09-22 14:34:48'),
(493, '2020-10-29', '16:36:20', 'tes-ovo-etoll-2020-10-29-16-36-20', 'ovo', 6, 29, '2021-09-22 14:34:48', '2021-09-22 14:34:48'),
(494, '2020-10-29', '16:47:36', 'tes-ovo-etoll-2020-10-29-16-47-36', 'ovo', 6, 18, '2021-09-22 14:34:48', '2021-09-22 14:34:48'),
(495, '2020-10-29', '16:47:38', 'tes-ovo-etoll-2020-10-29-16-47-38', 'ovo', 6, 18, '2021-09-22 14:34:48', '2021-09-22 14:34:48'),
(496, '2020-10-29', '16:48:11', 'tes-ovo-etoll-2020-10-29-16-48-11', 'ovo', 6, 29, '2021-09-22 14:34:48', '2021-09-22 14:34:48'),
(497, '2020-10-29', '16:48:25', 'tes-ovo-etoll-2020-10-29-16-48-25', 'ovo', 6, 29, '2021-09-22 14:34:48', '2021-09-22 14:34:48'),
(498, '2020-10-29', '16:48:52', 'tes-linkaja-etoll-2020-10-29-16:48:45', 'linkaja', 6, 18, '2021-09-22 14:34:48', '2021-09-22 14:34:48'),
(499, '2020-10-29', '16:50:08', 'tes-ovo-etoll-2020-10-29-16-50-08', 'ovo', 6, 18, '2021-09-22 14:34:48', '2021-09-22 14:34:48'),
(500, '2020-10-29', '16:51:06', 'tes-ovo-etoll-2020-10-29-16-51-06', 'ovo', 6, 18, '2021-09-22 14:34:48', '2021-09-22 14:34:48'),
(501, '2020-10-29', '16:53:03', 'tes-ovo-etoll-2020-10-29-16-53-03', 'ovo', 6, 18, '2021-09-22 14:34:48', '2021-09-22 14:34:48'),
(502, '2020-10-29', '16:53:22', 'tes-ovo-etoll-2020-10-29-16-53-22', 'ovo', 6, 18, '2021-09-22 14:34:48', '2021-09-22 14:34:48'),
(503, '2020-10-29', '16:54:12', 'tes-ovo-etoll-2020-10-29-16-54-12', 'ovo', 6, 18, '2021-09-22 14:34:48', '2021-09-22 14:34:48'),
(504, '2020-10-29', '16:54:47', 'tes-linkaja-etoll-2020-10-29-16:54:41', 'linkaja', 6, 29, '2021-09-22 14:34:48', '2021-09-22 14:34:48'),
(505, '2020-10-29', '16:55:06', 'tes-linkaja-etoll-2020-10-29-16:55:01', 'linkaja', 6, 29, '2021-09-22 14:34:48', '2021-09-22 14:34:48'),
(506, '2020-10-29', '16:56:09', 'tes-linkaja-etoll-2020-10-29-16:56:04', 'linkaja', 6, 18, '2021-09-22 14:34:48', '2021-09-22 14:34:48'),
(507, '2020-10-29', '16:59:11', 'tes-ovo-etoll-2020-10-29-16-59-11', 'ovo', 6, 18, '2021-09-22 14:34:48', '2021-09-22 14:34:48'),
(508, '2020-10-29', '17:21:02', 'tes-ovo-etoll-2020-10-29-17-21-02', 'ovo', 6, 18, '2021-09-22 14:34:48', '2021-09-22 14:34:48'),
(509, '2020-10-29', '17:22:29', 'tes-linkaja-etoll-2020-10-29-17:22:22', 'linkaja', 6, 29, '2021-09-22 14:34:48', '2021-09-22 14:34:48'),
(510, '2020-10-29', '17:27:02', 'tes-ovo-etoll-2020-10-29-17-27-02', 'ovo', 6, 29, '2021-09-22 14:34:48', '2021-09-22 14:34:48'),
(511, '2020-10-29', '17:58:29', 'tes-ovo-etoll-2020-10-29-17-58-29', 'ovo', 6, 18, '2021-09-22 14:34:48', '2021-09-22 14:34:48'),
(512, '2020-10-29', '19:11:03', 'tes-dana-etoll-2020-10-29-19:09:14', 'dana', 6, 29, '2021-09-22 14:34:48', '2021-09-22 14:34:48'),
(513, '2020-10-29', '19:11:16', 'tes-ovo-etoll-2020-10-29-19-11-16', 'ovo', 6, 29, '2021-09-22 14:34:48', '2021-09-22 14:34:48'),
(514, '2020-10-29', '19:11:15', 'tes-ovo-etoll-2020-10-29-19-11-15', 'ovo', 6, 29, '2021-09-22 14:34:48', '2021-09-22 14:34:48'),
(515, '2020-10-29', '19:11:17', 'tes-ovo-etoll-2020-10-29-19-11-17', 'ovo', 6, 29, '2021-09-22 14:34:48', '2021-09-22 14:34:48'),
(516, '2020-10-29', '19:25:06', 'tes-ovo-etoll-2020-10-29-19-25-06', 'ovo', 6, 30, '2021-09-22 14:34:48', '2021-09-22 14:34:48'),
(517, '2020-10-29', '19:26:02', 'tes-dana-etoll-2020-10-29-19:25:35', 'dana', 6, 30, '2021-09-22 14:34:48', '2021-09-22 14:34:48'),
(518, '2020-10-29', '19:26:52', 'tes-linkaja-etoll-2020-10-29-19:26:21', 'linkaja', 6, 30, '2021-09-22 14:34:48', '2021-09-22 14:34:48'),
(519, '2020-10-29', '20:46:38', 'tes-dana-etoll-2020-10-29-20:38:40', 'dana', 6, 18, '2021-09-22 14:34:48', '2021-09-22 14:34:48'),
(520, '2020-10-29', '20:46:51', 'tes-linkaja-etoll-2020-10-29-20:46:44', 'linkaja', 6, 18, '2021-09-22 14:34:48', '2021-09-22 14:34:48'),
(521, '2020-10-31', '13:14:17', 'tes-ovo-etoll-2020-10-31-13-14-17', 'ovo', 6, 27, '2021-09-22 14:34:48', '2021-09-22 14:34:48'),
(522, '2020-10-31', '13:15:12', 'tes-ovo-etoll-2020-10-31-13-15-12', 'ovo', 6, 27, '2021-09-22 14:34:48', '2021-09-22 14:34:48'),
(523, '2020-10-31', '13:19:40', 'tes-ovo-etoll-2020-10-31-13-19-40', 'ovo', 6, 27, '2021-09-22 14:34:48', '2021-09-22 14:34:48'),
(524, '2020-10-31', '13:48:36', 'tes-ovo-etoll-2020-10-31-13-48-36', 'ovo', 6, 27, '2021-09-22 14:34:48', '2021-09-22 14:34:48'),
(525, '2020-10-31', '13:48:39', 'tes-ovo-etoll-2020-10-31-13-48-39', 'ovo', 6, 27, '2021-09-22 14:34:48', '2021-09-22 14:34:48'),
(526, '2020-10-31', '13:48:44', 'tes-ovo-etoll-2020-10-31-13-48-44', 'ovo', 6, 27, '2021-09-22 14:34:48', '2021-09-22 14:34:48'),
(527, '2020-10-31', '13:49:10', 'tes-ovo-etoll-2020-10-31-13-49-10', 'ovo', 6, 27, '2021-09-22 14:34:48', '2021-09-22 14:34:48'),
(528, '2020-10-31', '13:50:33', 'tes-ovo-etoll-2020-10-31-13-50-33', 'ovo', 6, 27, '2021-09-22 14:34:48', '2021-09-22 14:34:48'),
(529, '2020-10-31', '13:50:34', 'tes-ovo-etoll-2020-10-31-13-50-34', 'ovo', 6, 27, '2021-09-22 14:34:48', '2021-09-22 14:34:48'),
(530, '2020-10-31', '13:51:35', 'tes-ovo-etoll-2020-10-31-13-51-35', 'ovo', 6, 27, '2021-09-22 14:34:48', '2021-09-22 14:34:48'),
(531, '2020-10-31', '13:51:36', 'tes-ovo-etoll-2020-10-31-13-51-36', 'ovo', 6, 27, '2021-09-22 14:34:48', '2021-09-22 14:34:48'),
(532, '2020-10-31', '13:53:16', 'tes-ovo-etoll-2020-10-31-13-53-16', 'ovo', 5, 27, '2021-09-22 14:34:48', '2021-09-22 14:34:48'),
(533, '2020-10-31', '13:53:46', 'tes-ovo-etoll-2020-10-31-13-53-46', 'ovo', 5, 27, '2021-09-22 14:34:48', '2021-09-22 14:34:48'),
(534, '2020-10-31', '13:59:41', 'tes-ovo-etoll-2020-10-31-13-59-41', 'ovo', 5, 27, '2021-09-22 14:34:48', '2021-09-22 14:34:48'),
(535, '2020-10-31', '14:02:09', 'tes-ovo-etoll-2020-10-31-14-02-09', 'ovo', 6, 27, '2021-09-22 14:34:48', '2021-09-22 14:34:48'),
(536, '2020-10-31', '14:02:10', 'tes-ovo-etoll-2020-10-31-14-02-10', 'ovo', 6, 27, '2021-09-22 14:34:48', '2021-09-22 14:34:48'),
(537, '2020-10-31', '14:02:19', 'tes-ovo-etoll-2020-10-31-14-02-19', 'ovo', 6, 27, '2021-09-22 14:34:48', '2021-09-22 14:34:48'),
(538, '2020-10-31', '14:03:44', 'tes-ovo-etoll-2020-10-31-14-03-44', 'ovo', 6, 27, '2021-09-22 14:34:48', '2021-09-22 14:34:48'),
(539, '2020-10-31', '14:11:28', 'tes-ovo-etoll-2020-10-31-14-11-28', 'ovo', 6, 27, '2021-09-22 14:34:48', '2021-09-22 14:34:48'),
(540, '2020-10-31', '14:12:52', 'tes-ovo-etoll-2020-10-31-14-12-52', 'ovo', 6, 27, '2021-09-22 14:34:48', '2021-09-22 14:34:48'),
(541, '2020-10-31', '14:14:12', 'tes-ovo-etoll-2020-10-31-14-14-12', 'ovo', 5, 27, '2021-09-22 14:34:48', '2021-09-22 14:34:48'),
(542, '2020-10-31', '14:16:58', 'tes-ovo-etoll-2020-10-31-14-16-58', 'ovo', 5, 27, '2021-09-22 14:34:48', '2021-09-22 14:34:48'),
(543, '2020-10-31', '14:18:11', 'tes-ovo-etoll-2020-10-31-14-18-11', 'ovo', 6, 27, '2021-09-22 14:34:48', '2021-09-22 14:34:48'),
(544, '2020-10-31', '14:20:03', 'tes-ovo-etoll-2020-10-31-14-20-03', 'ovo', 6, 27, '2021-09-22 14:34:48', '2021-09-22 14:34:48'),
(545, '2020-10-31', '14:20:04', 'tes-ovo-etoll-2020-10-31-14-20-04', 'ovo', 6, 27, '2021-09-22 14:34:48', '2021-09-22 14:34:48'),
(546, '2020-10-31', '14:20:26', 'tes-ovo-etoll-2020-10-31-14-20-26', 'ovo', 6, 27, '2021-09-22 14:34:48', '2021-09-22 14:34:48'),
(547, '2020-10-31', '14:21:04', 'tes-ovo-etoll-2020-10-31-14-21-04', 'ovo', 5, 27, '2021-09-22 14:34:48', '2021-09-22 14:34:48'),
(548, '2020-10-31', '14:23:31', 'tes-ovo-etoll-2020-10-31-14-23-31', 'ovo', 5, 27, '2021-09-22 14:34:48', '2021-09-22 14:34:48'),
(549, '2020-10-31', '15:27:13', 'tes-linkaja-etoll-2020-10-31-15:27:07', 'linkaja', 5, 23, '2021-09-22 14:34:48', '2021-09-22 14:34:48'),
(550, '2020-10-31', '15:27:38', 'tes-linkaja-etoll-2020-10-31-15:27:34', 'linkaja', 5, 23, '2021-09-22 14:34:48', '2021-09-22 14:34:48'),
(551, '2020-10-31', '17:19:19', 'tes-linkaja-etoll-2020-10-31-17:19:14', 'linkaja', 5, 23, '2021-09-22 14:34:48', '2021-09-22 14:34:48'),
(552, '2020-10-31', '17:21:03', 'tes-linkaja-etoll-2020-10-31-17:20:58', 'linkaja', 5, 23, '2021-09-22 14:34:48', '2021-09-22 14:34:48'),
(553, '2020-10-31', '17:21:26', 'tes-linkaja-etoll-2020-10-31-17:21:22', 'linkaja', 5, 23, '2021-09-22 14:34:48', '2021-09-22 14:34:48'),
(554, '2020-10-31', '17:23:05', 'tes-linkaja-etoll-2020-10-31-17:23:01', 'linkaja', 5, 23, '2021-09-22 14:34:48', '2021-09-22 14:34:48'),
(555, '2020-10-31', '17:23:34', 'tes-linkaja-etoll-2020-10-31-17:23:29', 'linkaja', 5, 23, '2021-09-22 14:34:48', '2021-09-22 14:34:48'),
(556, '2020-10-31', '17:25:00', 'tes-linkaja-etoll-2020-10-31-17:24:55', 'linkaja', 5, 23, '2021-09-22 14:34:48', '2021-09-22 14:34:48'),
(557, '2020-10-31', '17:25:33', 'tes-linkaja-etoll-2020-10-31-17:25:29', 'linkaja', 5, 23, '2021-09-22 14:34:48', '2021-09-22 14:34:48'),
(558, '2020-10-31', '17:26:07', 'tes-linkaja-etoll-2020-10-31-17:26:03', 'linkaja', 5, 23, '2021-09-22 14:34:48', '2021-09-22 14:34:48'),
(559, '2020-10-31', '17:27:29', 'tes-linkaja-etoll-2020-10-31-17:27:24', 'linkaja', 5, 23, '2021-09-22 14:34:48', '2021-09-22 14:34:48'),
(560, '2020-10-31', '17:28:17', 'tes-linkaja-etoll-2020-10-31-17:28:13', 'linkaja', 5, 23, '2021-09-22 14:34:48', '2021-09-22 14:34:48'),
(561, '2020-10-31', '17:51:45', 'tes-ovo-etoll-2020-10-31-17-51-45', 'ovo', 6, 18, '2021-09-22 14:34:48', '2021-09-22 14:34:48'),
(562, '2020-10-31', '17:53:04', 'tes-ovo-etoll-2020-10-31-17-53-04', 'ovo', 6, 18, '2021-09-22 14:34:48', '2021-09-22 14:34:48'),
(563, '2020-10-31', '17:55:47', 'tes-ovo-etoll-2020-10-31-17-55-47', 'ovo', 6, 18, '2021-09-22 14:34:48', '2021-09-22 14:34:48'),
(564, '2020-10-31', '17:55:48', 'tes-ovo-etoll-2020-10-31-17-55-48', 'ovo', 6, 18, '2021-09-22 14:34:48', '2021-09-22 14:34:48'),
(565, '2020-11-02', '11:01:35', 'tes-ovo-etoll-2020-11-02-11-01-35', 'ovo', 5, 18, '2021-09-22 14:34:48', '2021-09-22 14:34:48'),
(566, '2020-11-02', '11:03:21', 'tes-ovo-etoll-2020-11-02-11-03-21', 'ovo', 5, 18, '2021-09-22 14:34:48', '2021-09-22 14:34:48'),
(567, '2020-11-02', '11:04:36', 'tes-ovo-etoll-2020-11-02-11-04-36', 'ovo', 6, 18, '2021-09-22 14:34:48', '2021-09-22 14:34:48'),
(568, '2020-11-02', '11:05:04', 'tes-ovo-etoll-2020-11-02-11-05-04', 'ovo', 6, 18, '2021-09-22 14:34:48', '2021-09-22 14:34:48'),
(569, '2020-11-02', '11:05:22', 'tes-ovo-etoll-2020-11-02-11-05-22', 'ovo', 6, 18, '2021-09-22 14:34:48', '2021-09-22 14:34:48'),
(570, '2020-11-02', '11:05:23', 'tes-ovo-etoll-2020-11-02-11-05-23', 'ovo', 6, 18, '2021-09-22 14:34:48', '2021-09-22 14:34:48'),
(571, '2020-11-03', '17:24:48', 'tes-linkaja-etoll-2020-11-03-17:24:42', 'linkaja', 6, 23, '2021-09-22 14:34:48', '2021-09-22 14:34:48'),
(572, '2020-11-03', '17:25:10', 'tes-linkaja-etoll-2020-11-03-17:25:06', 'linkaja', 5, 23, '2021-09-22 14:34:48', '2021-09-22 14:34:48'),
(573, '2020-11-03', '17:25:32', 'tes-linkaja-etoll-2020-11-03-17:25:28', 'linkaja', 5, 23, '2021-09-22 14:34:48', '2021-09-22 14:34:48'),
(574, '2020-11-03', '17:26:19', 'tes-linkaja-etoll-2020-11-03-17:26:12', 'linkaja', 6, 23, '2021-09-22 14:34:48', '2021-09-22 14:34:48'),
(575, '2020-11-03', '17:29:04', 'tes-linkaja-etoll-2020-11-03-17:28:58', 'linkaja', 6, 23, '2021-09-22 14:34:48', '2021-09-22 14:34:48'),
(576, '2020-11-03', '17:29:19', 'tes-linkaja-etoll-2020-11-03-17:29:14', 'linkaja', 6, 23, '2021-09-22 14:34:48', '2021-09-22 14:34:48'),
(577, '2020-11-03', '17:29:52', 'tes-linkaja-etoll-2020-11-03-17:29:46', 'linkaja', 6, 23, '2021-09-22 14:34:48', '2021-09-22 14:34:48'),
(578, '2020-11-03', '17:30:09', 'tes-linkaja-etoll-2020-11-03-17:30:04', 'linkaja', 6, 23, '2021-09-22 14:34:48', '2021-09-22 14:34:48'),
(579, '2020-11-03', '17:30:35', 'tes-linkaja-etoll-2020-11-03-17:30:30', 'linkaja', 6, 23, '2021-09-22 14:34:48', '2021-09-22 14:34:48'),
(580, '2020-11-03', '17:30:59', 'tes-linkaja-etoll-2020-11-03-17:30:53', 'linkaja', 5, 23, '2021-09-22 14:34:48', '2021-09-22 14:34:48'),
(581, '2020-11-04', '12:30:32', 'tes-ovo-etoll-2020-11-04-12-30-32', 'ovo', 5, 1, '2021-09-22 14:34:48', '2021-09-22 14:34:48'),
(582, '2020-11-04', '12:30:52', 'tes-ovo-etoll-2020-11-04-12-30-52', 'ovo', 5, 1, '2021-09-22 14:34:48', '2021-09-22 14:34:48'),
(583, '2020-11-04', '12:37:37', 'tes-ovo-etoll-2020-11-04-12-37-37', 'ovo', 5, 17, '2021-09-22 14:34:48', '2021-09-22 14:34:48'),
(584, '2020-11-04', '12:38:08', 'tes-ovo-etoll-2020-11-04-12-38-08', 'ovo', 5, 1, '2021-09-22 14:34:48', '2021-09-22 14:34:48'),
(585, '2020-11-04', '12:45:05', 'tes-ovo-etoll-2020-11-04-12-45-05', 'ovo', 5, 1, '2021-09-22 14:34:48', '2021-09-22 14:34:48'),
(586, '2020-11-04', '12:58:15', 'tes-ovo-etoll-2020-11-04-12-58-15', 'ovo', 5, 17, '2021-09-22 14:34:48', '2021-09-22 14:34:48'),
(587, '2020-11-04', '13:01:47', 'tes-ovo-etoll-2020-11-04-13-01-47', 'ovo', 5, 17, '2021-09-22 14:34:48', '2021-09-22 14:34:48'),
(588, '2020-11-04', '13:10:59', 'tes-ovo-etoll-2020-11-04-13-10-59', 'ovo', 5, 31, '2021-09-22 14:34:48', '2021-09-22 14:34:48'),
(589, '2020-11-04', '13:12:32', 'tes-ovo-etoll-2020-11-04-13-12-32', 'ovo', 5, 31, '2021-09-22 14:34:48', '2021-09-22 14:34:48'),
(590, '2020-11-04', '13:12:56', 'tes-ovo-etoll-2020-11-04-13-12-56', 'ovo', 5, 31, '2021-09-22 14:34:48', '2021-09-22 14:34:48'),
(591, '2020-11-04', '13:13:16', 'tes-ovo-etoll-2020-11-04-13-13-16', 'ovo', 5, 31, '2021-09-22 14:34:48', '2021-09-22 14:34:48'),
(592, '2020-11-04', '13:13:44', 'tes-linkaja-etoll-2020-11-04-13:13:38', 'linkaja', 5, 31, '2021-09-22 14:34:48', '2021-09-22 14:34:48'),
(593, '2020-11-04', '13:27:54', 'tes-ovo-etoll-2020-11-04-13-27-54', 'ovo', 5, 31, '2021-09-22 14:34:48', '2021-09-22 14:34:48'),
(594, '2020-11-04', '13:28:00', 'tes-ovo-etoll-2020-11-04-13-28-00', 'ovo', 5, 31, '2021-09-22 14:34:48', '2021-09-22 14:34:48'),
(595, '2020-11-04', '13:28:20', 'tes-ovo-etoll-2020-11-04-13-28-20', 'ovo', 5, 31, '2021-09-22 14:34:48', '2021-09-22 14:34:48'),
(596, '2020-11-04', '13:28:38', 'tes-ovo-etoll-2020-11-04-13-28-38', 'ovo', 5, 31, '2021-09-22 14:34:48', '2021-09-22 14:34:48'),
(597, '2020-11-04', '13:29:01', 'tes-ovo-etoll-2020-11-04-13-29-01', 'ovo', 5, 31, '2021-09-22 14:34:48', '2021-09-22 14:34:48'),
(598, '2020-11-04', '13:29:27', 'tes-ovo-etoll-2020-11-04-13-29-27', 'ovo', 5, 31, '2021-09-22 14:34:48', '2021-09-22 14:34:48'),
(599, '2020-11-04', '13:30:05', 'tes-ovo-etoll-2020-11-04-13-30-05', 'ovo', 5, 31, '2021-09-22 14:34:48', '2021-09-22 14:34:48'),
(600, '2020-11-04', '13:30:06', 'tes-ovo-etoll-2020-11-04-13-30-06', 'ovo', 5, 31, '2021-09-22 14:34:48', '2021-09-22 14:34:48'),
(601, '2020-11-04', '13:30:54', 'tes-ovo-etoll-2020-11-04-13-30-54', 'ovo', 5, 31, '2021-09-22 14:34:48', '2021-09-22 14:34:48'),
(602, '2020-11-04', '16:30:58', 'tes-ovo-etoll-2020-11-04-16-30-58', 'ovo', 5, 34, '2021-09-22 14:34:48', '2021-09-22 14:34:48'),
(603, '2020-11-04', '16:32:13', 'tes-ovo-etoll-2020-11-04-16-32-13', 'ovo', 5, 34, '2021-09-22 14:34:48', '2021-09-22 14:34:48'),
(604, '2020-11-04', '16:33:25', 'tes-dana-etoll-2020-11-04-16:32:34', 'dana', 5, 34, '2021-09-22 14:34:48', '2021-09-22 14:34:48'),
(605, '2020-11-04', '16:33:36', 'tes-linkaja-etoll-2020-11-04-16:33:32', 'linkaja', 5, 34, '2021-09-22 14:34:48', '2021-09-22 14:34:48'),
(606, '2020-11-05', '07:53:54', 'tes-ovo-etoll-2020-11-05-07-53-54', 'ovo', 5, 18, '2021-09-22 14:34:48', '2021-09-22 14:34:48'),
(607, '2020-11-05', '07:55:21', 'tes-ovo-etoll-2020-11-05-07-55-21', 'ovo', 6, 18, '2021-09-22 14:34:48', '2021-09-22 14:34:48'),
(608, '2020-11-05', '07:58:03', 'tes-ovo-etoll-2020-11-05-07-58-03', 'ovo', 5, 18, '2021-09-22 14:34:48', '2021-09-22 14:34:48'),
(609, '2020-11-05', '08:39:18', 'tes-ovo-etoll-2020-11-05-08-39-18', 'ovo', 5, 18, '2021-09-22 14:34:48', '2021-09-22 14:34:48'),
(610, '2020-11-05', '08:42:55', 'tes-ovo-etoll-2020-11-05-08-42-55', 'ovo', 5, 18, '2021-09-22 14:34:48', '2021-09-22 14:34:48'),
(611, '2020-11-06', '09:11:04', 'tes-ovo-etoll-2020-11-06-09-11-04', 'ovo', 5, 18, '2021-09-22 14:34:48', '2021-09-22 14:34:48'),
(612, '2020-12-01', '20:49:05', '', '', 0, 0, '2021-09-22 14:34:48', '2021-09-22 14:34:48'),
(613, '2020-12-04', '08:32:11', 'tes-dana-etoll-2020-10-26-14:19:56', 'dana', 6, 26, '2021-09-22 14:34:48', '2021-09-22 14:34:48'),
(614, '2021-02-04', '23:58:30', 'tes-ovo-etoll-2021-02-04-23-58-30', 'ovo', 6, 34, '2021-09-22 14:34:48', '2021-09-22 14:34:48'),
(615, '2021-02-04', '23:58:31', 'tes-ovo-etoll-2021-02-04-23-58-31', 'ovo', 6, 34, '2021-09-22 14:34:48', '2021-09-22 14:34:48'),
(616, '2021-02-04', '23:59:01', 'tes-linkaja-etoll-2021-02-04-23:58:54', 'linkaja', 6, 34, '2021-09-22 14:34:48', '2021-09-22 14:34:48'),
(617, '2021-02-05', '00:00:32', 'tes-ovo-etoll-2021-02-05-00-00-32', 'ovo', 5, 34, '2021-09-22 14:34:48', '2021-09-22 14:34:48'),
(618, '2021-02-05', '00:00:57', 'tes-linkaja-etoll-2021-02-05-00:00:51', 'linkaja', 5, 34, '2021-09-22 14:34:48', '2021-09-22 14:34:48'),
(619, '2021-02-05', '19:39:59', 'tes-ovo-etoll-2021-02-05-19-39-59', 'ovo', 8, 32, '2021-09-22 14:34:48', '2021-09-22 14:34:48'),
(620, '2021-02-05', '19:40:36', 'tes-ovo-etoll-2021-02-05-19-40-36', 'ovo', 8, 32, '2021-09-22 14:34:48', '2021-09-22 14:34:48'),
(621, '2021-02-05', '19:42:49', 'tes-ovo-etoll-2021-02-05-19-42-49', 'ovo', 8, 32, '2021-09-22 14:34:48', '2021-09-22 14:34:48'),
(622, '2021-02-05', '19:43:19', 'tes-linkaja-etoll-2021-02-05-19:43:09', 'linkaja', 8, 32, '2021-09-22 14:34:48', '2021-09-22 14:34:48'),
(623, '2021-02-05', '19:49:43', 'tes-ovo-etoll-2021-02-05-19-49-43', 'ovo', 8, 32, '2021-09-22 14:34:48', '2021-09-22 14:34:48'),
(624, '2021-02-05', '21:17:16', 'tes-linkaja-etoll-2021-02-05-21:17:08', 'linkaja', 8, 32, '2021-09-22 14:34:48', '2021-09-22 14:34:48'),
(625, '2021-03-19', '03:37:27', '', '', 0, 0, '2021-09-22 14:34:48', '2021-09-22 14:34:48'),
(626, '2021-03-19', '03:37:27', '', '', 0, 0, '2021-09-22 14:34:48', '2021-09-22 14:34:48'),
(627, '2021-03-19', '03:37:27', '', '', 0, 0, '2021-09-22 14:34:48', '2021-09-22 14:34:48'),
(628, '2021-03-19', '03:37:28', '', '', 0, 0, '2021-09-22 14:34:48', '2021-09-22 14:34:48'),
(629, '2021-03-19', '03:37:36', '', '', 1, 0, '2021-09-22 14:34:48', '2021-09-22 14:34:48'),
(630, '2021-03-19', '03:50:02', '', '', 1, 0, '2021-09-22 14:34:48', '2021-09-22 14:34:48'),
(631, '2021-03-19', '03:50:34', '', '', 1, 0, '2021-09-22 14:34:48', '2021-09-22 14:34:48'),
(632, '2021-03-19', '03:51:22', '', '', 0, 0, '2021-09-22 14:34:48', '2021-09-22 14:34:48'),
(633, '2021-03-19', '03:52:03', '', '', 0, 0, '2021-09-22 14:34:48', '2021-09-22 14:34:48'),
(634, '2021-03-20', '05:55:34', '', '', 1, 0, '2021-09-22 14:34:48', '2021-09-22 14:34:48'),
(635, '2021-03-20', '05:55:35', '', '', 1, 0, '2021-09-22 14:34:48', '2021-09-22 14:34:48'),
(636, '2021-03-20', '05:55:35', '', '', 1, 0, '2021-09-22 14:34:48', '2021-09-22 14:34:48'),
(637, '2021-03-20', '05:55:35', '', '', 1, 0, '2021-09-22 14:34:48', '2021-09-22 14:34:48'),
(638, '2021-03-20', '05:55:35', '', '', 1, 0, '2021-09-22 14:34:48', '2021-09-22 14:34:48'),
(639, '2021-03-20', '05:55:36', '', '', 0, 0, '2021-09-22 14:34:48', '2021-09-22 14:34:48'),
(640, '2021-03-20', '05:55:36', '', '', 0, 0, '2021-09-22 14:34:48', '2021-09-22 14:34:48'),
(641, '2021-03-20', '05:55:36', '', '', 0, 0, '2021-09-22 14:34:48', '2021-09-22 14:34:48'),
(642, '2021-03-20', '05:55:36', '', '', 0, 0, '2021-09-22 14:34:48', '2021-09-22 14:34:48'),
(643, '2021-03-20', '05:55:36', '', '', 0, 0, '2021-09-22 14:34:48', '2021-09-22 14:34:48'),
(644, '2021-03-20', '06:13:31', '', '', 1, 0, '2021-09-22 14:34:48', '2021-09-22 14:34:48'),
(645, '2021-03-20', '06:13:31', '', '', 1, 0, '2021-09-22 14:34:48', '2021-09-22 14:34:48'),
(646, '2021-03-20', '06:13:31', '', '', 1, 0, '2021-09-22 14:34:48', '2021-09-22 14:34:48'),
(647, '2021-03-20', '06:13:31', '', '', 1, 0, '2021-09-22 14:34:48', '2021-09-22 14:34:48'),
(648, '2021-03-23', '12:59:06', 'tes-ovo-etoll-2021-03-23-12-59-06', 'ovo', 2, 36, '2021-09-22 14:34:48', '2021-09-22 14:34:48'),
(649, '2021-04-30', '16:14:16', 'tes-ovo-etoll-2021-04-30-16-14-16', 'ovo', 1, 4, '2021-09-22 14:34:48', '2021-09-22 14:34:48'),
(650, '2021-04-30', '16:14:17', 'tes-ovo-etoll-2021-04-30-16-14-17', 'ovo', 1, 4, '2021-09-22 14:34:48', '2021-09-22 14:34:48'),
(651, '2021-04-30', '16:14:38', 'tes-ovo-etoll-2021-04-30-16-14-38', 'ovo', 1, 4, '2021-09-22 14:34:48', '2021-09-22 14:34:48'),
(652, '2021-04-30', '16:14:40', 'tes-ovo-etoll-2021-04-30-16-14-40', 'ovo', 1, 4, '2021-09-22 14:34:48', '2021-09-22 14:34:48'),
(653, '2021-04-30', '16:15:23', 'tes-linkaja-etoll-2021-04-30-16:14:52', 'linkaja', 1, 4, '2021-09-22 14:34:48', '2021-09-22 14:34:48'),
(654, '2021-04-30', '16:16:10', 'tes-ovo-etoll-2021-04-30-16-16-10', 'ovo', 1, 4, '2021-09-22 14:34:48', '2021-09-22 14:34:48'),
(655, '2021-04-30', '16:16:11', 'tes-ovo-etoll-2021-04-30-16-16-11', 'ovo', 1, 4, '2021-09-22 14:34:48', '2021-09-22 14:34:48'),
(656, '2021-04-30', '16:16:20', 'tes-ovo-etoll-2021-04-30-16-16-20', 'ovo', 1, 4, '2021-09-22 14:34:48', '2021-09-22 14:34:48'),
(657, '2021-04-30', '16:16:21', 'tes-ovo-etoll-2021-04-30-16-16-21', 'ovo', 1, 4, '2021-09-22 14:34:48', '2021-09-22 14:34:48'),
(658, '2021-04-30', '16:17:12', 'tes-ovo-etoll-2021-04-30-16-17-12', 'ovo', 1, 4, '2021-09-22 14:34:48', '2021-09-22 14:34:48'),
(659, '2021-04-30', '16:17:14', 'tes-ovo-etoll-2021-04-30-16-17-14', 'ovo', 1, 4, '2021-09-22 14:34:48', '2021-09-22 14:34:48'),
(660, '2021-04-30', '16:17:40', 'tes-ovo-etoll-2021-04-30-16-17-40', 'ovo', 1, 4, '2021-09-22 14:34:48', '2021-09-22 14:34:48'),
(661, '2021-04-30', '16:18:56', 'tes-ovo-etoll-2021-04-30-16-18-56', 'ovo', 1, 4, '2021-09-22 14:34:48', '2021-09-22 14:34:48'),
(662, '2021-04-30', '16:19:00', 'tes-ovo-etoll-2021-04-30-16-19-00', 'ovo', 1, 4, '2021-09-22 14:34:48', '2021-09-22 14:34:48'),
(663, '2021-05-01', '15:20:44', 'tes-ovo-etoll-2021-05-01-15-20-44', 'ovo', 1, 4, '2021-09-22 14:34:48', '2021-09-22 14:34:48'),
(664, '2021-05-01', '15:27:18', 'tes-ovo-etoll-2021-05-01-15-27-18', 'ovo', 1, 4, '2021-09-22 14:34:48', '2021-09-22 14:34:48'),
(665, '2021-05-01', '15:27:19', 'tes-ovo-etoll-2021-05-01-15-27-19', 'ovo', 1, 4, '2021-09-22 14:34:48', '2021-09-22 14:34:48'),
(666, '2021-05-01', '15:27:21', 'tes-ovo-etoll-2021-05-01-15-27-21', 'ovo', 1, 4, '2021-09-22 14:34:48', '2021-09-22 14:34:48'),
(667, '2021-05-01', '15:27:34', 'tes-ovo-etoll-2021-05-01-15-27-34', 'ovo', 1, 4, '2021-09-22 14:34:48', '2021-09-22 14:34:48'),
(668, '2021-05-01', '15:31:28', 'tes-ovo-etoll-2021-05-01-15-31-28', 'ovo', 1, 4, '2021-09-22 14:34:48', '2021-09-22 14:34:48'),
(669, '2021-05-01', '15:31:49', 'tes-ovo-etoll-2021-05-01-15-31-49', 'ovo', 1, 4, '2021-09-22 14:34:48', '2021-09-22 14:34:48'),
(670, '2021-05-01', '15:31:57', 'tes-ovo-etoll-2021-05-01-15-31-57', 'ovo', 1, 4, '2021-09-22 14:34:48', '2021-09-22 14:34:48'),
(671, '2021-05-01', '15:31:58', 'tes-ovo-etoll-2021-05-01-15-31-58', 'ovo', 1, 4, '2021-09-22 14:34:48', '2021-09-22 14:34:48'),
(672, '2021-05-01', '15:31:59', 'tes-ovo-etoll-2021-05-01-15-31-59', 'ovo', 1, 4, '2021-09-22 14:34:48', '2021-09-22 14:34:48'),
(673, '2021-05-01', '15:32:00', 'tes-ovo-etoll-2021-05-01-15-32-00', 'ovo', 1, 4, '2021-09-22 14:34:48', '2021-09-22 14:34:48'),
(674, '2021-05-01', '15:32:34', 'tes-ovo-etoll-2021-05-01-15-32-34', 'ovo', 1, 4, '2021-09-22 14:34:48', '2021-09-22 14:34:48'),
(675, '2021-05-01', '15:32:38', 'tes-ovo-etoll-2021-05-01-15-32-38', 'ovo', 1, 4, '2021-09-22 14:34:48', '2021-09-22 14:34:48'),
(676, '2021-05-01', '15:32:43', 'tes-ovo-etoll-2021-05-01-15-32-43', 'ovo', 1, 4, '2021-09-22 14:34:48', '2021-09-22 14:34:48'),
(677, '2021-05-01', '15:35:07', 'tes-ovo-etoll-2021-05-01-15-35-07', 'ovo', 2, 4, '2021-09-22 14:34:48', '2021-09-22 14:34:48'),
(678, '2021-05-01', '15:35:55', 'tes-ovo-etoll-2021-05-01-15-35-55', 'ovo', 2, 4, '2021-09-22 14:34:48', '2021-09-22 14:34:48'),
(679, '2021-05-01', '15:36:06', 'tes-ovo-etoll-2021-05-01-15-36-06', 'ovo', 2, 4, '2021-09-22 14:34:48', '2021-09-22 14:34:48'),
(680, '2021-05-01', '15:36:08', 'tes-ovo-etoll-2021-05-01-15-36-08', 'ovo', 2, 4, '2021-09-22 14:34:48', '2021-09-22 14:34:48'),
(681, '2021-05-01', '15:40:48', 'tes-ovo-etoll-2021-05-01-15-40-48', 'ovo', 2, 4, '2021-09-22 14:34:48', '2021-09-22 14:34:48'),
(682, '2021-05-01', '15:41:19', 'tes-ovo-etoll-2021-05-01-15-41-19', 'ovo', 2, 4, '2021-09-22 14:34:48', '2021-09-22 14:34:48'),
(683, '2021-05-01', '15:42:00', 'tes-ovo-etoll-2021-05-01-15-42-00', 'ovo', 2, 4, '2021-09-22 14:34:48', '2021-09-22 14:34:48'),
(684, '2021-05-01', '15:42:16', 'tes-ovo-etoll-2021-05-01-15-42-16', 'ovo', 1, 4, '2021-09-22 14:34:48', '2021-09-22 14:34:48'),
(685, '2021-06-01', '14:29:31', 'tes-ovo-etoll-2021-06-01-14-29-31', 'ovo', 1, 4, '2021-09-22 14:34:48', '2021-09-22 14:34:48'),
(686, '2021-06-01', '14:29:32', 'tes-ovo-etoll-2021-06-01-14-29-32', 'ovo', 1, 4, '2021-09-22 14:34:48', '2021-09-22 14:34:48'),
(687, '2021-06-01', '14:30:21', 'tes-linkaja-etoll-2021-06-01-14:30:11', 'linkaja', 1, 4, '2021-09-22 14:34:48', '2021-09-22 14:34:48'),
(688, '2021-06-01', '16:03:00', 'tes-ovo-etoll-2021-06-01-16-03-00', 'ovo', 1, 37, '2021-09-22 14:34:48', '2021-09-22 14:34:48'),
(689, '2021-06-01', '16:03:01', 'tes-ovo-etoll-2021-06-01-16-03-01', 'ovo', 1, 37, '2021-09-22 14:34:48', '2021-09-22 14:34:48'),
(690, '2021-06-01', '16:07:46', 'tes-ovo-etoll-2021-06-01-16-07-46', 'ovo', 1, 38, '2021-09-22 14:34:48', '2021-09-22 14:34:48'),
(691, '2021-06-01', '16:08:01', 'tes-ovo-etoll-2021-06-01-16-08-01', 'ovo', 1, 38, '2021-09-22 14:34:48', '2021-09-22 14:34:48'),
(692, '2021-06-01', '16:08:22', 'tes-ovo-etoll-2021-06-01-16-08-22', 'ovo', 1, 38, '2021-09-22 14:34:48', '2021-09-22 14:34:48'),
(693, '2021-06-01', '16:08:32', 'tes-ovo-etoll-2021-06-01-16-08-32', 'ovo', 1, 38, '2021-09-22 14:34:48', '2021-09-22 14:34:48'),
(694, '2021-06-01', '16:08:55', 'tes-linkaja-etoll-2021-06-01-16:08:48', 'linkaja', 1, 38, '2021-09-22 14:34:48', '2021-09-22 14:34:48'),
(695, '2021-06-01', '16:26:29', 'tes-ovo-etoll-2021-06-01-16-26-29', 'ovo', 1, 39, '2021-09-22 14:34:48', '2021-09-22 14:34:48'),
(696, '2021-06-01', '16:28:36', 'tes-linkaja-etoll-2021-06-01-16:27:58', 'linkaja', 1, 39, '2021-09-22 14:34:48', '2021-09-22 14:34:48'),
(697, '2021-06-01', '16:30:40', 'tes-dana-etoll-2021-06-01-16:29:33', 'dana', 1, 39, '2021-09-22 14:34:48', '2021-09-22 14:34:48'),
(698, '2021-06-01', '16:35:11', 'tes-ovo-etoll-2021-06-01-16-35-11', 'ovo', 1, 39, '2021-09-22 14:34:48', '2021-09-22 14:34:48'),
(699, '2021-06-01', '16:35:13', 'tes-ovo-etoll-2021-06-01-16-35-13', 'ovo', 1, 39, '2021-09-22 14:34:48', '2021-09-22 14:34:48'),
(700, '2021-06-01', '16:36:14', 'tes-ovo-etoll-2021-06-01-16-36-14', 'ovo', 1, 39, '2021-09-22 14:34:48', '2021-09-22 14:34:48'),
(701, '2021-06-01', '16:36:15', 'tes-ovo-etoll-2021-06-01-16-36-15', 'ovo', 1, 39, '2021-09-22 14:34:48', '2021-09-22 14:34:48'),
(702, '2021-06-01', '16:37:22', 'tes-ovo-etoll-2021-06-01-16-37-22', 'ovo', 1, 39, '2021-09-22 14:34:48', '2021-09-22 14:34:48'),
(703, '2021-06-10', '21:46:49', 'tes-ovo-etoll-2021-06-10-21-46-49', 'ovo', 1, 4, '2021-09-22 14:34:48', '2021-09-22 14:34:48'),
(704, '2021-06-10', '21:49:51', 'tes-ovo-etoll-2021-06-10-21-49-51', 'ovo', 1, 4, '2021-09-22 14:34:48', '2021-09-22 14:34:48'),
(705, '2021-06-10', '21:49:52', 'tes-ovo-etoll-2021-06-10-21-49-52', 'ovo', 1, 4, '2021-09-22 14:34:48', '2021-09-22 14:34:48'),
(706, '2021-06-10', '21:50:24', 'tes-linkaja-etoll-2021-06-10-21:50:10', 'linkaja', 1, 4, '2021-09-22 14:34:48', '2021-09-22 14:34:48'),
(707, '2021-06-10', '21:54:33', 'tes-ovo-etoll-2021-06-10-21-54-33', 'ovo', 1, 4, '2021-09-22 14:34:48', '2021-09-22 14:34:48'),
(708, '2021-06-10', '21:54:34', 'tes-ovo-etoll-2021-06-10-21-54-34', 'ovo', 1, 4, '2021-09-22 14:34:48', '2021-09-22 14:34:48'),
(709, '2021-06-10', '21:55:36', 'tes-ovo-etoll-2021-06-10-21-55-36', 'ovo', 1, 4, '2021-09-22 14:34:48', '2021-09-22 14:34:48'),
(710, '2021-06-10', '21:55:37', 'tes-ovo-etoll-2021-06-10-21-55-37', 'ovo', 1, 4, '2021-09-22 14:34:48', '2021-09-22 14:34:48'),
(711, '2021-06-10', '21:56:14', 'tes-ovo-etoll-2021-06-10-21-56-14', 'ovo', 1, 4, '2021-09-22 14:34:48', '2021-09-22 14:34:48'),
(712, '2021-06-10', '21:56:15', 'tes-ovo-etoll-2021-06-10-21-56-15', 'ovo', 1, 4, '2021-09-22 14:34:48', '2021-09-22 14:34:48'),
(713, '2021-07-15', '12:29:47', 'tes-linkaja-etoll-2021-07-15-12:29:37', 'linkaja', 1, 4, '2021-09-22 14:34:48', '2021-09-22 14:34:48'),
(714, '2021-07-15', '12:30:11', 'tes-ovo-etoll-2021-07-15-12-30-11', 'ovo', 1, 4, '2021-09-22 14:34:48', '2021-09-22 14:34:48'),
(715, '2021-08-06', '18:15:27', 'tes-ovo-etoll-2021-08-06-18-15-27', 'ovo', 1, 4, '2021-09-22 14:34:48', '2021-09-22 14:34:48'),
(716, '2021-08-06', '18:15:28', 'tes-ovo-etoll-2021-08-06-18-15-28', 'ovo', 1, 4, '2021-09-22 14:34:48', '2021-09-22 14:34:48'),
(717, '2021-08-06', '18:16:48', 'tes-linkaja-etoll-2021-08-06-18:16:40', 'linkaja', 1, 4, '2021-09-22 14:34:48', '2021-09-22 14:34:48'),
(718, '2021-08-06', '20:09:06', 'tes-ovo-etoll-2021-08-06-20-09-06', 'ovo', 1, 4, '2021-09-22 14:34:48', '2021-09-22 14:34:48'),
(719, '2021-08-06', '20:09:16', 'tes-ovo-etoll-2021-08-06-20-09-16', 'ovo', 1, 4, '2021-09-22 14:34:48', '2021-09-22 14:34:48'),
(720, '2021-08-06', '20:09:17', 'tes-ovo-etoll-2021-08-06-20-09-17', 'ovo', 1, 4, '2021-09-22 14:34:48', '2021-09-22 14:34:48'),
(721, '2021-08-06', '20:11:51', 'tes-linkaja-etoll-2021-08-06-20:11:44', 'linkaja', 1, 4, '2021-09-22 14:34:48', '2021-09-22 14:34:48'),
(722, '2021-08-06', '20:13:27', 'tes-linkaja-etoll-2021-08-06-20:13:21', 'linkaja', 1, 4, '2021-09-22 14:34:48', '2021-09-22 14:34:48'),
(723, '2021-08-06', '20:15:44', 'tes-dana-etoll-2021-08-06-20:13:55', 'dana', 1, 4, '2021-09-22 14:34:48', '2021-09-22 14:34:48'),
(724, '2021-08-06', '20:16:34', 'tes-dana-etoll-2021-08-06-20:16:17', 'dana', 1, 4, '2021-09-22 14:34:48', '2021-09-22 14:34:48'),
(725, '2021-08-18', '21:42:42', 'tes-ovo-etoll-2021-08-18-21-42-42', 'ovo', 1, 4, '2021-09-22 14:34:48', '2021-09-22 14:34:48'),
(726, '2021-08-18', '21:46:25', 'tes-linkaja-etoll-2021-08-18-21:46:15', 'linkaja', 1, 4, '2021-09-22 14:34:48', '2021-09-22 14:34:48'),
(727, '2021-08-18', '21:49:09', 'tes-linkaja-etoll-2021-08-18-21:49:02', 'linkaja', 1, 4, '2021-09-22 14:34:48', '2021-09-22 14:34:48'),
(728, '2021-08-18', '21:49:55', 'tes-linkaja-etoll-2021-08-18-21:49:45', 'linkaja', 1, 4, '2021-09-22 14:34:48', '2021-09-22 14:34:48'),
(729, '2021-08-18', '21:51:02', 'tes-ovo-etoll-2021-08-18-21-51-02', 'ovo', 1, 4, '2021-09-22 14:34:48', '2021-09-22 14:34:48'),
(730, '2021-08-18', '21:51:03', 'tes-ovo-etoll-2021-08-18-21-51-03', 'ovo', 1, 4, '2021-09-22 14:34:48', '2021-09-22 14:34:48'),
(731, '2021-08-20', '13:18:48', 'tes-linkaja-etoll-2021-08-20-13:18:37', 'linkaja', 1, 39, '2021-09-22 14:34:48', '2021-09-22 14:34:48'),
(732, '2021-08-20', '13:27:35', 'tes-linkaja-etoll-2021-08-20-13:27:26', 'linkaja', 1, 39, '2021-09-22 14:34:48', '2021-09-22 14:34:48'),
(733, '2021-08-20', '13:29:49', 'tes-ovo-etoll-2021-08-20-13-29-49', 'ovo', 1, 39, '2021-09-22 14:34:48', '2021-09-22 14:34:48'),
(734, '2021-08-20', '14:02:11', 'tes-ovo-etoll-2021-08-20-14-02-11', 'ovo', 1, 39, '2021-09-22 14:34:48', '2021-09-22 14:34:48'),
(735, '2021-08-20', '14:02:12', 'tes-ovo-etoll-2021-08-20-14-02-12', 'ovo', 1, 39, '2021-09-22 14:34:48', '2021-09-22 14:34:48'),
(736, '2021-08-20', '14:03:23', 'tes-ovo-etoll-2021-08-20-14-03-23', 'ovo', 1, 39, '2021-09-22 14:34:48', '2021-09-22 14:34:48'),
(737, '2021-08-20', '14:04:19', 'tes-linkaja-etoll-2021-08-20-14:04:06', 'linkaja', 1, 39, '2021-09-22 14:34:48', '2021-09-22 14:34:48'),
(738, '2021-08-20', '14:05:09', 'tes-ovo-etoll-2021-08-20-14-05-09', 'ovo', 1, 39, '2021-09-22 14:34:48', '2021-09-22 14:34:48'),
(739, '2021-08-20', '14:20:14', 'tes-ovo-etoll-2021-08-20-14-20-14', 'ovo', 1, 39, '2021-09-22 14:34:48', '2021-09-22 14:34:48'),
(740, '2021-08-20', '14:20:39', 'tes-linkaja-etoll-2021-08-20-14:20:31', 'linkaja', 1, 39, '2021-09-22 14:34:48', '2021-09-22 14:34:48'),
(741, '2021-08-20', '14:25:31', 'tes-linkaja-etoll-2021-08-20-14:25:19', 'linkaja', 1, 40, '2021-09-22 14:34:48', '2021-09-22 14:34:48'),
(742, '2021-08-20', '14:25:54', 'tes-ovo-etoll-2021-08-20-14-25-54', 'ovo', 1, 40, '2021-09-22 14:34:48', '2021-09-22 14:34:48'),
(743, '2021-08-20', '14:26:00', 'tes-ovo-etoll-2021-08-20-14-26-00', 'ovo', 1, 40, '2021-09-22 14:34:48', '2021-09-22 14:34:48'),
(744, '2021-08-20', '14:26:02', 'tes-ovo-etoll-2021-08-20-14-26-02', 'ovo', 1, 40, '2021-09-22 14:34:48', '2021-09-22 14:34:48'),
(745, '2021-08-20', '15:35:02', 'tes-ovo-etoll-2021-08-20-15-35-03', 'ovo', 1, 39, '2021-09-22 14:34:48', '2021-09-22 14:34:48'),
(746, '2021-08-20', '15:35:04', 'tes-ovo-etoll-2021-08-20-15-35-04', 'ovo', 1, 39, '2021-09-22 14:34:48', '2021-09-22 14:34:48'),
(747, '2021-08-20', '15:36:10', 'tes-ovo-etoll-2021-08-20-15-36-10', 'ovo', 1, 39, '2021-09-22 14:34:48', '2021-09-22 14:34:48'),
(748, '2021-08-20', '15:36:39', 'tes-ovo-etoll-2021-08-20-15-36-39', 'ovo', 1, 4, '2021-09-22 14:34:48', '2021-09-22 14:34:48'),
(749, '2021-08-20', '15:36:51', 'tes-ovo-etoll-2021-08-20-15-36-51', 'ovo', 1, 39, '2021-09-22 14:34:48', '2021-09-22 14:34:48'),
(750, '2021-08-20', '15:37:41', 'tes-ovo-etoll-2021-08-20-15-37-41', 'ovo', 1, 4, '2021-09-22 14:34:48', '2021-09-22 14:34:48'),
(751, '2021-08-20', '15:37:42', 'tes-ovo-etoll-2021-08-20-15-37-42', 'ovo', 1, 39, '2021-09-22 14:34:48', '2021-09-22 14:34:48'),
(752, '2021-08-20', '15:38:46', 'tes-linkaja-etoll-2021-08-20-15:38:36', 'linkaja', 1, 4, '2021-09-22 14:34:48', '2021-09-22 14:34:48'),
(753, '2021-08-20', '15:40:11', 'tes-ovo-etoll-2021-08-20-15-40-11', 'ovo', 1, 39, '2021-09-22 14:34:48', '2021-09-22 14:34:48'),
(754, '2021-08-20', '15:40:12', 'tes-ovo-etoll-2021-08-20-15-40-12', 'ovo', 1, 4, '2021-09-22 14:34:48', '2021-09-22 14:34:48'),
(755, '2021-08-20', '15:40:13', 'tes-ovo-etoll-2021-08-20-15-40-13', 'ovo', 1, 39, '2021-09-22 14:34:48', '2021-09-22 14:34:48'),
(756, '2021-08-20', '15:42:13', 'tes-ovo-etoll-2021-08-20-15-42-13', 'ovo', 1, 39, '2021-09-22 14:34:48', '2021-09-22 14:34:48'),
(757, '2021-08-20', '15:42:15', 'tes-ovo-etoll-2021-08-20-15-42-15', 'ovo', 1, 39, '2021-09-22 14:34:48', '2021-09-22 14:34:48'),
(758, '2021-08-20', '15:51:43', 'tes-ovo-etoll-2021-08-20-15-51-43', 'ovo', 2, 4, '2021-09-22 14:34:48', '2021-09-22 14:34:48'),
(759, '2021-08-20', '16:01:15', 'tes-linkaja-etoll-2021-08-20-16:01:08', 'linkaja', 1, 39, '2021-09-22 14:34:48', '2021-09-22 14:34:48'),
(760, '2021-08-20', '16:01:49', 'tes-linkaja-etoll-2021-08-20-16:01:42', 'linkaja', 1, 39, '2021-09-22 14:34:48', '2021-09-22 14:34:48'),
(761, '2021-08-20', '16:02:21', 'tes-linkaja-etoll-2021-08-20-16:02:13', 'linkaja', 1, 39, '2021-09-22 14:34:48', '2021-09-22 14:34:48'),
(762, '2021-08-20', '16:02:57', 'tes-linkaja-etoll-2021-08-20-16:02:51', 'linkaja', 1, 39, '2021-09-22 14:34:48', '2021-09-22 14:34:48'),
(763, '2021-08-28', '15:51:25', 'tes-ovo-etoll-2021-08-28-15-51-25', 'ovo', 1, 12, '2021-09-22 14:34:48', '2021-09-22 14:34:48'),
(764, '2021-08-28', '15:53:04', 'tes-ovo-etoll-2021-08-28-15-53-04', 'ovo', 1, 12, '2021-09-22 14:34:48', '2021-09-22 14:34:48'),
(765, '2021-08-28', '19:52:00', 'tes-ovo-etoll-2021-08-28-19-52-00', 'ovo', 1, 12, '2021-09-22 14:34:48', '2021-09-22 14:34:48'),
(766, '2021-08-29', '12:58:29', 'tes-ovo-etoll-2021-08-29-12-58-29', 'ovo', 2, 4, '2021-09-22 14:34:48', '2021-09-22 14:34:48');

--
-- Triggers `transaksi`
--
DELIMITER $$
CREATE TRIGGER `Update_State` AFTER INSERT ON `transaksi` FOR EACH ROW UPDATE kasir set state = '1' WHERE id = NEW.id_kasir
$$
DELIMITER ;

-- --------------------------------------------------------

--
-- Table structure for table `users`
--

CREATE TABLE `users` (
  `id` int(11) NOT NULL,
  `email` varchar(32) NOT NULL,
  `password` varchar(255) NOT NULL,
  `role` varchar(20) NOT NULL DEFAULT 'ADMIN',
  `created_at` timestamp NOT NULL DEFAULT CURRENT_TIMESTAMP,
  `updated_at` timestamp NOT NULL DEFAULT CURRENT_TIMESTAMP
) ENGINE=InnoDB DEFAULT CHARSET=utf8mb4;

--
-- Dumping data for table `users`
--

INSERT INTO `users` (`id`, `email`, `password`, `role`, `created_at`, `updated_at`) VALUES
(1, 'devs@admin.com', '$2y$10$wvH7xnz3LqDrOu/bP98bQOK90cVW56xG.KVx3kZk4sEu0HNCiJE1m', 'ADMIN', '2021-09-22 14:33:37', '2021-09-22 14:33:37'),
(2, 'suci12@gmail.com', '', 'ADMIN', '2021-09-22 14:33:37', '2021-09-22 14:33:37'),
(3, 'qqwerty@gmail.com', '', 'ADMIN', '2021-09-22 14:33:37', '2021-09-22 14:33:37'),
(4, 'fais@gmail.com', '', 'ADMIN', '2021-09-22 14:33:37', '2021-09-22 14:33:37'),
(5, 'surahmansyur@gmail.com', '', 'ADMIN', '2021-09-22 14:33:37', '2021-09-22 14:33:37'),
(6, 'sandi@gmail.com', '', 'ADMIN', '2021-09-22 14:33:37', '2021-09-22 14:33:37'),
(7, 'mari@gmail.com', '', 'ADMIN', '2021-09-22 14:33:37', '2021-09-22 14:33:37'),
(8, 'fitriyaumilathiah@gmail.com', '', 'ADMIN', '2021-09-22 14:33:37', '2021-09-22 14:33:37'),
(9, 'fanday1506@gmail.com', '', 'ADMIN', '2021-09-22 14:33:37', '2021-09-22 14:33:37'),
(10, 'jamal@yahoo.com', '', 'ADMIN', '2021-09-22 14:33:37', '2021-09-22 14:33:37'),
(11, 'hari@gmail.com', '', 'ADMIN', '2021-09-22 14:33:37', '2021-09-22 14:33:37'),
(12, 'ais@mail.com', '', 'ADMIN', '2021-09-22 14:33:37', '2021-09-22 14:33:37'),
(13, 'atun@gmail.com', '', 'ADMIN', '2021-09-22 14:33:37', '2021-09-22 14:33:37'),
(14, 'nung@gmail.com', '', 'ADMIN', '2021-09-22 14:33:37', '2021-09-22 14:33:37'),
(15, 'jamal@gmail.com', '', 'ADMIN', '2021-09-22 14:33:37', '2021-09-22 14:33:37'),
(16, 'hady@gmail.com', '', 'ADMIN', '2021-09-22 14:33:37', '2021-09-22 14:33:37'),
(17, 'jabal@gmai.com', '', 'ADMIN', '2021-09-22 14:33:37', '2021-09-22 14:33:37'),
(18, 'aswar.gmail.com', '', 'ADMIN', '2021-09-22 14:33:37', '2021-09-22 14:33:37'),
(19, 'laila@gmail.com', '', 'ADMIN', '2021-09-22 14:33:37', '2021-09-22 14:33:37'),
(20, 'agil@mail.com', '', 'ADMIN', '2021-09-22 14:33:37', '2021-09-22 14:33:37'),
(21, 'a@a.com', '', 'ADMIN', '2021-09-22 14:33:37', '2021-09-22 14:33:37'),
(22, 'ayu@gmail.com', '', 'ADMIN', '2021-09-22 14:33:37', '2021-09-22 14:33:37'),
(23, 'aaa@aaa.j', '', 'ADMIN', '2021-09-22 14:33:37', '2021-09-22 14:33:37'),
(24, 'leo.gamil.com', '', 'ADMIN', '2021-09-22 14:33:37', '2021-09-22 14:33:37'),
(25, 'didif@gmail.com', '', 'ADMIN', '2021-09-22 14:33:37', '2021-09-22 14:33:37'),
(26, 'tomi@gmail.com', '', 'ADMIN', '2021-09-22 14:33:37', '2021-09-22 14:33:37'),
(27, 'askan@gmail.com', '', 'ADMIN', '2021-09-22 14:33:37', '2021-09-22 14:33:37'),
(28, 'nisa@gmail.com', '', 'ADMIN', '2021-09-22 14:33:37', '2021-09-22 14:33:37');

-- --------------------------------------------------------

--
-- Table structure for table `users2`
--

CREATE TABLE `users2` (
  `id` bigint(20) UNSIGNED NOT NULL,
  `name` varchar(255) COLLATE utf8mb4_unicode_ci NOT NULL,
  `email` varchar(255) COLLATE utf8mb4_unicode_ci NOT NULL,
  `email_verified_at` timestamp NULL DEFAULT NULL,
  `password` varchar(255) COLLATE utf8mb4_unicode_ci NOT NULL,
  `remember_token` varchar(100) COLLATE utf8mb4_unicode_ci DEFAULT NULL,
  `created_at` timestamp NULL DEFAULT NULL,
  `updated_at` timestamp NULL DEFAULT NULL
) ENGINE=InnoDB DEFAULT CHARSET=utf8mb4 COLLATE=utf8mb4_unicode_ci;

--
-- Indexes for dumped tables
--

--
-- Indexes for table `action_events`
--
ALTER TABLE `action_events`
  ADD PRIMARY KEY (`id`),
  ADD KEY `action_events_actionable_type_actionable_id_index` (`actionable_type`,`actionable_id`),
  ADD KEY `action_events_batch_id_model_type_model_id_index` (`batch_id`,`model_type`,`model_id`),
  ADD KEY `action_events_user_id_index` (`user_id`);

--
-- Indexes for table `admin`
--
ALTER TABLE `admin`
  ADD PRIMARY KEY (`id`);

--
-- Indexes for table `failed_jobs`
--
ALTER TABLE `failed_jobs`
  ADD PRIMARY KEY (`id`),
  ADD UNIQUE KEY `failed_jobs_uuid_unique` (`uuid`);

--
-- Indexes for table `fileUploads`
--
ALTER TABLE `fileUploads`
  ADD PRIMARY KEY (`id`);

--
-- Indexes for table `kasirs`
--
ALTER TABLE `kasirs`
  ADD PRIMARY KEY (`id`);

--
-- Indexes for table `migrations`
--
ALTER TABLE `migrations`
  ADD PRIMARY KEY (`id`);

--
-- Indexes for table `nova_ckeditor_attachments`
--
ALTER TABLE `nova_ckeditor_attachments`
  ADD PRIMARY KEY (`id`),
  ADD KEY `nova_ckeditor_attachments_attachable_type_attachable_id_index` (`attachable_type`,`attachable_id`),
  ADD KEY `nova_ckeditor_attachments_url_index` (`url`);

--
-- Indexes for table `nova_pending_ckeditor_attachments`
--
ALTER TABLE `nova_pending_ckeditor_attachments`
  ADD PRIMARY KEY (`id`),
  ADD KEY `nova_pending_ckeditor_attachments_draft_id_index` (`draft_id`);

--
-- Indexes for table `password_resets`
--
ALTER TABLE `password_resets`
  ADD KEY `password_resets_email_index` (`email`);

--
-- Indexes for table `products`
--
ALTER TABLE `products`
  ADD PRIMARY KEY (`id`);

--
-- Indexes for table `sessions`
--
ALTER TABLE `sessions`
  ADD PRIMARY KEY (`id`),
  ADD KEY `sessions_user_id_index` (`user_id`),
  ADD KEY `sessions_last_activity_index` (`last_activity`);

--
-- Indexes for table `transactions`
--
ALTER TABLE `transactions`
  ADD PRIMARY KEY (`id`);

--
-- Indexes for table `transaksi`
--
ALTER TABLE `transaksi`
  ADD PRIMARY KEY (`id`);

--
-- Indexes for table `users`
--
ALTER TABLE `users`
  ADD PRIMARY KEY (`id`);

--
-- Indexes for table `users2`
--
ALTER TABLE `users2`
  ADD PRIMARY KEY (`id`),
  ADD UNIQUE KEY `users2_email_unique` (`email`);

--
-- AUTO_INCREMENT for dumped tables
--

--
-- AUTO_INCREMENT for table `action_events`
--
ALTER TABLE `action_events`
  MODIFY `id` bigint(20) UNSIGNED NOT NULL AUTO_INCREMENT, AUTO_INCREMENT=8;

--
-- AUTO_INCREMENT for table `admin`
--
ALTER TABLE `admin`
  MODIFY `id` int(11) NOT NULL AUTO_INCREMENT, AUTO_INCREMENT=2;

--
-- AUTO_INCREMENT for table `failed_jobs`
--
ALTER TABLE `failed_jobs`
  MODIFY `id` bigint(20) UNSIGNED NOT NULL AUTO_INCREMENT;

--
-- AUTO_INCREMENT for table `fileUploads`
--
ALTER TABLE `fileUploads`
  MODIFY `id` int(10) UNSIGNED NOT NULL AUTO_INCREMENT;

--
-- AUTO_INCREMENT for table `kasirs`
--
ALTER TABLE `kasirs`
  MODIFY `id` int(11) NOT NULL AUTO_INCREMENT, AUTO_INCREMENT=7;

--
-- AUTO_INCREMENT for table `migrations`
--
ALTER TABLE `migrations`
  MODIFY `id` int(10) UNSIGNED NOT NULL AUTO_INCREMENT, AUTO_INCREMENT=9;

--
-- AUTO_INCREMENT for table `nova_ckeditor_attachments`
--
ALTER TABLE `nova_ckeditor_attachments`
  MODIFY `id` int(10) UNSIGNED NOT NULL AUTO_INCREMENT;

--
-- AUTO_INCREMENT for table `nova_pending_ckeditor_attachments`
--
ALTER TABLE `nova_pending_ckeditor_attachments`
  MODIFY `id` int(10) UNSIGNED NOT NULL AUTO_INCREMENT;

--
-- AUTO_INCREMENT for table `products`
--
ALTER TABLE `products`
  MODIFY `id` int(11) NOT NULL AUTO_INCREMENT, AUTO_INCREMENT=11;

--
-- AUTO_INCREMENT for table `transactions`
--
ALTER TABLE `transactions`
  MODIFY `id` int(11) NOT NULL AUTO_INCREMENT, AUTO_INCREMENT=7;

--
-- AUTO_INCREMENT for table `transaksi`
--
ALTER TABLE `transaksi`
  MODIFY `id` int(11) NOT NULL AUTO_INCREMENT, AUTO_INCREMENT=767;

--
-- AUTO_INCREMENT for table `users`
--
ALTER TABLE `users`
  MODIFY `id` int(11) NOT NULL AUTO_INCREMENT, AUTO_INCREMENT=29;

--
-- AUTO_INCREMENT for table `users2`
--
ALTER TABLE `users2`
  MODIFY `id` bigint(20) UNSIGNED NOT NULL AUTO_INCREMENT;
